[2025-12-20 17:55:26] Daemon started (interval: 5s, auto-commit: false, auto-push: false)
[2025-12-20 17:55:26] Using database: /Users/steveklabnik/Code/rue/work/.beads/beads.db
[2025-12-20 17:55:26] Database opened: /Users/steveklabnik/Code/rue/work/.beads/beads.db (freshness checking enabled)
[2025-12-20 17:55:26] Upgrading .beads/.gitignore...
[2025-12-20 17:55:26] Warning: failed to upgrade .gitignore: open .beads/.gitignore: no such file or directory
[2025-12-20 17:55:26] Repository fingerprint validated: 437e9369
[2025-12-20 17:55:26] Starting RPC server: /Users/steveklabnik/Code/rue/work/.beads/bd.sock
[2025-12-20 17:55:26] RPC server ready (socket listening)
[2025-12-20 17:55:26] Registered in global registry
[2025-12-20 17:55:26] Starting sync cycle...
[2025-12-20 17:55:26] Pre-export validation failed: refusing to export: JSONL content has changed since last import (import first to avoid data loss)
[2025-12-20 17:55:26] Monitoring parent process (PID 0)
[2025-12-20 17:55:26] Using event-driven mode
[2025-12-20 17:55:26] Mutation detected: create tree1-nxx
[2025-12-20 17:55:27] Export triggered by mutation events
[2025-12-20 17:55:27] Starting export...
[2025-12-20 17:55:27] Pre-export validation failed: refusing to export: JSONL content has changed since last import (import first to avoid data loss)
[2025-12-20 17:55:31] Mutation detected: update tree1-nxx
[2025-12-20 17:55:31] Export triggered by mutation events
[2025-12-20 17:55:31] Starting export...
[2025-12-20 17:55:31] Pre-export validation failed: refusing to export: JSONL content has changed since last import (import first to avoid data loss)
[2025-12-20 18:24:29] Mutation detected: update tree1-nxx
[2025-12-20 18:24:30] Export triggered by mutation events
[2025-12-20 18:24:30] Starting export...
[2025-12-20 18:24:30] Pre-export validation failed: refusing to export: JSONL content has changed since last import (import first to avoid data loss)
[2025-12-20 18:29:03] Git HEAD change detected: /Users/steveklabnik/Code/rue/work/.git/HEAD
[2025-12-20 18:29:04] Import triggered by file change
[2025-12-20 18:29:04] Starting auto-import...
[2025-12-20 18:29:04] JSONL content changed, proceeding with auto-import...
[2025-12-20 18:29:04] Pull failed: failed to get current branch: exit status 128
[2025-12-20 18:29:40] Git HEAD change detected: /Users/steveklabnik/Code/rue/work/.git/HEAD
[2025-12-20 18:29:41] Import triggered by file change
[2025-12-20 18:29:41] Starting auto-import...
[2025-12-20 18:29:41] JSONL content changed, proceeding with auto-import...
[2025-12-20 18:29:41] Pull failed: failed to get current branch: exit status 128
[2025-12-20 18:36:14] Mutation detected: create tree1-tr8
[2025-12-20 18:36:15] Export triggered by mutation events
[2025-12-20 18:36:15] Starting export...
[2025-12-20 18:36:15] Pre-export validation failed: refusing to export: JSONL content has changed since last import (import first to avoid data loss)
[2025-12-20 18:36:21] Mutation detected: update tree1-tr8
[2025-12-20 18:36:21] Export triggered by mutation events
[2025-12-20 18:36:21] Starting export...
[2025-12-20 18:36:21] Pre-export validation failed: refusing to export: JSONL content has changed since last import (import first to avoid data loss)
[2025-12-20 18:36:33] Mutation detected: create tree1-mz7
[2025-12-20 18:36:34] Export triggered by mutation events
[2025-12-20 18:36:34] Starting export...
[2025-12-20 18:36:34] Pre-export validation failed: refusing to export: JSONL content has changed since last import (import first to avoid data loss)
[2025-12-20 18:43:01] Git HEAD change detected: /Users/steveklabnik/Code/rue/work/.git/HEAD
[2025-12-20 18:43:02] Import triggered by file change
[2025-12-20 18:43:02] Starting auto-import...
[2025-12-20 18:43:02] JSONL content changed, proceeding with auto-import...
[2025-12-20 18:43:02] Pull failed: failed to get current branch: exit status 128
[2025-12-20 18:56:45] Git HEAD change detected: /Users/steveklabnik/Code/rue/work/.git/HEAD
[2025-12-20 18:56:46] Import triggered by file change
[2025-12-20 18:56:46] Starting auto-import...
[2025-12-20 18:56:46] JSONL content changed, proceeding with auto-import...
[2025-12-20 18:56:46] Pull failed: failed to get current branch: exit status 128
[2025-12-20 18:57:24] Git HEAD change detected: /Users/steveklabnik/Code/rue/work/.git/HEAD
[2025-12-20 18:57:25] Import triggered by file change
[2025-12-20 18:57:25] Starting auto-import...
[2025-12-20 18:57:25] JSONL content changed, proceeding with auto-import...
[2025-12-20 18:57:25] Pull failed: failed to get current branch: exit status 128
[2025-12-20 19:01:06] Git HEAD change detected: /Users/steveklabnik/Code/rue/work/.git/HEAD
[2025-12-20 19:01:07] Import triggered by file change
[2025-12-20 19:01:07] Starting auto-import...
[2025-12-20 19:01:07] JSONL content changed, proceeding with auto-import...
[2025-12-20 19:01:07] Pull failed: failed to get current branch: exit status 128
[2025-12-20 19:01:24] Git HEAD change detected: /Users/steveklabnik/Code/rue/work/.git/HEAD
[2025-12-20 19:01:24] JSONL removed/renamed, re-establishing watch
[2025-12-20 19:01:24] Successfully re-established JSONL watch after 50ms
[2025-12-20 19:01:24] JSONL file created: /Users/steveklabnik/Code/rue/work/.beads/issues.jsonl
[2025-12-20 19:01:25] Import triggered by file change
[2025-12-20 19:01:25] Starting auto-import...
[2025-12-20 19:01:25] JSONL content changed, proceeding with auto-import...
[2025-12-20 19:01:25] File change detected: /Users/steveklabnik/Code/rue/work/.beads/issues.jsonl (op: CHMOD)
[2025-12-20 19:01:25] ⚠️  WARNING: Uncommitted local changes detected in /Users/steveklabnik/Code/rue/work/.beads/issues.jsonl
[2025-12-20 19:01:25]    Pulling from remote may overwrite local unpushed changes.
[2025-12-20 19:01:25]    Consider running 'bd sync' to commit and push your changes first.
[2025-12-20 19:01:25] Pull failed: failed to get current branch: exit status 128
[2025-12-20 19:01:26] Import triggered by file change
[2025-12-20 19:01:26] Starting auto-import...
[2025-12-20 19:01:26] JSONL content changed, proceeding with auto-import...
[2025-12-20 19:01:26] ⚠️  WARNING: Uncommitted local changes detected in /Users/steveklabnik/Code/rue/work/.beads/issues.jsonl
[2025-12-20 19:01:26]    Pulling from remote may overwrite local unpushed changes.
[2025-12-20 19:01:26]    Consider running 'bd sync' to commit and push your changes first.
[2025-12-20 19:01:26] Pull failed: failed to get current branch: exit status 128
[2025-12-20 19:08:56] Git HEAD change detected: /Users/steveklabnik/Code/rue/work/.git/HEAD
[2025-12-20 19:08:57] Import triggered by file change
[2025-12-20 19:08:57] Starting auto-import...
[2025-12-20 19:08:57] JSONL content changed, proceeding with auto-import...
[2025-12-20 19:08:57] Pull failed: failed to get current branch: exit status 128
[2025-12-20 19:09:06] Git HEAD change detected: /Users/steveklabnik/Code/rue/work/.git/HEAD
[2025-12-20 19:09:06] JSONL removed/renamed, re-establishing watch
[2025-12-20 19:09:06] Successfully re-established JSONL watch after 50ms
[2025-12-20 19:09:06] JSONL file created: /Users/steveklabnik/Code/rue/work/.beads/issues.jsonl
[2025-12-20 19:09:07] Import triggered by file change
[2025-12-20 19:09:07] Starting auto-import...
[2025-12-20 19:09:07] JSONL content changed, proceeding with auto-import...
[2025-12-20 19:09:07] File change detected: /Users/steveklabnik/Code/rue/work/.beads/issues.jsonl (op: CHMOD)
[2025-12-20 19:09:07] Pull failed: failed to get current branch: exit status 128
[2025-12-20 19:09:08] Import triggered by file change
[2025-12-20 19:09:08] Starting auto-import...
[2025-12-20 19:09:08] JSONL content changed, proceeding with auto-import...
[2025-12-20 19:09:08] Pull failed: failed to get current branch: exit status 128
[2025-12-20 19:31:52] Git HEAD change detected: /Users/steveklabnik/Code/rue/work/.git/HEAD
[2025-12-20 19:31:52] JSONL removed/renamed, re-establishing watch
[2025-12-20 19:31:52] Successfully re-established JSONL watch after 50ms
[2025-12-20 19:31:52] JSONL file created: /Users/steveklabnik/Code/rue/work/.beads/issues.jsonl
[2025-12-20 19:31:53] Import triggered by file change
[2025-12-20 19:31:53] Starting auto-import...
[2025-12-20 19:31:53] JSONL content changed, proceeding with auto-import...
[2025-12-20 19:31:53] File change detected: /Users/steveklabnik/Code/rue/work/.beads/issues.jsonl (op: CHMOD)
[2025-12-20 19:31:53] ⚠️  WARNING: Uncommitted local changes detected in /Users/steveklabnik/Code/rue/work/.beads/issues.jsonl
[2025-12-20 19:31:53]    Pulling from remote may overwrite local unpushed changes.
[2025-12-20 19:31:53]    Consider running 'bd sync' to commit and push your changes first.
[2025-12-20 19:31:53] Pull failed: failed to get current branch: exit status 128
[2025-12-20 19:31:54] Import triggered by file change
[2025-12-20 19:31:54] Starting auto-import...
[2025-12-20 19:31:54] JSONL content changed, proceeding with auto-import...
[2025-12-20 19:31:54] ⚠️  WARNING: Uncommitted local changes detected in /Users/steveklabnik/Code/rue/work/.beads/issues.jsonl
[2025-12-20 19:31:54]    Pulling from remote may overwrite local unpushed changes.
[2025-12-20 19:31:54]    Consider running 'bd sync' to commit and push your changes first.
[2025-12-20 19:31:54] Pull failed: failed to get current branch: exit status 128
[2025-12-20 19:32:56] Git HEAD change detected: /Users/steveklabnik/Code/rue/work/.git/HEAD
[2025-12-20 19:32:57] Import triggered by file change
[2025-12-20 19:32:57] Starting auto-import...
[2025-12-20 19:32:57] JSONL content changed, proceeding with auto-import...
[2025-12-20 19:32:57] Pull failed: failed to get current branch: exit status 128
[2025-12-20 19:33:37] Git HEAD change detected: /Users/steveklabnik/Code/rue/work/.git/HEAD
[2025-12-20 19:33:38] Import triggered by file change
[2025-12-20 19:33:38] Starting auto-import...
[2025-12-20 19:33:38] JSONL content changed, proceeding with auto-import...
[2025-12-20 19:33:38] Pull failed: failed to get current branch: exit status 128
[2025-12-20 19:33:42] Git HEAD change detected: /Users/steveklabnik/Code/rue/work/.git/HEAD
[2025-12-20 19:33:42] JSONL removed/renamed, re-establishing watch
[2025-12-20 19:33:42] Successfully re-established JSONL watch after 50ms
[2025-12-20 19:33:42] JSONL file created: /Users/steveklabnik/Code/rue/work/.beads/issues.jsonl
[2025-12-20 19:33:43] File change detected: /Users/steveklabnik/Code/rue/work/.beads/issues.jsonl (op: CHMOD)
[2025-12-20 19:33:44] Import triggered by file change
[2025-12-20 19:33:44] Starting auto-import...
[2025-12-20 19:33:44] JSONL content changed, proceeding with auto-import...
[2025-12-20 19:33:44] File change detected: /Users/steveklabnik/Code/rue/work/.beads/issues.jsonl (op: CHMOD)
[2025-12-20 19:33:44] Pull failed: failed to get current branch: exit status 128
[2025-12-20 19:33:45] Import triggered by file change
[2025-12-20 19:33:45] Starting auto-import...
[2025-12-20 19:33:45] JSONL content changed, proceeding with auto-import...
[2025-12-20 19:33:45] Pull failed: failed to get current branch: exit status 128
[2025-12-20 19:50:35] Git HEAD change detected: /Users/steveklabnik/Code/rue/work/.git/HEAD
[2025-12-20 19:50:35] JSONL removed/renamed, re-establishing watch
[2025-12-20 19:50:35] Successfully re-established JSONL watch after 50ms
[2025-12-20 19:50:35] JSONL file created: /Users/steveklabnik/Code/rue/work/.beads/issues.jsonl
[2025-12-20 19:50:36] Import triggered by file change
[2025-12-20 19:50:36] Starting auto-import...
[2025-12-20 19:50:36] JSONL content changed, proceeding with auto-import...
[2025-12-20 19:50:36] File change detected: /Users/steveklabnik/Code/rue/work/.beads/issues.jsonl (op: CHMOD)
[2025-12-20 19:50:36] Pull failed: failed to get current branch: exit status 128
[2025-12-20 19:50:37] Import triggered by file change
[2025-12-20 19:50:37] Starting auto-import...
[2025-12-20 19:50:37] JSONL content changed, proceeding with auto-import...
[2025-12-20 19:50:37] Pull failed: failed to get current branch: exit status 128
[2025-12-20 20:36:48] Git HEAD change detected: /Users/steveklabnik/Code/rue/work/.git/HEAD
[2025-12-20 20:36:48] JSONL removed/renamed, re-establishing watch
[2025-12-20 20:36:48] Successfully re-established JSONL watch after 50ms
[2025-12-20 20:36:48] JSONL file created: /Users/steveklabnik/Code/rue/work/.beads/issues.jsonl
[2025-12-20 20:36:48] JSONL removed/renamed, re-establishing watch
[2025-12-20 20:36:48] Successfully re-established JSONL watch after 50ms
[2025-12-20 20:36:48] JSONL file created: /Users/steveklabnik/Code/rue/work/.beads/issues.jsonl
[2025-12-20 20:36:49] Import triggered by file change
[2025-12-20 20:36:49] Starting auto-import...
[2025-12-20 20:36:49] JSONL content changed, proceeding with auto-import...
[2025-12-20 20:36:49] ⚠️  WARNING: Uncommitted local changes detected in /Users/steveklabnik/Code/rue/work/.beads/issues.jsonl
[2025-12-20 20:36:49]    Pulling from remote may overwrite local unpushed changes.
[2025-12-20 20:36:49]    Consider running 'bd sync' to commit and push your changes first.
[2025-12-20 20:36:49] Pull failed: failed to get current branch: exit status 128
[2025-12-20 20:36:51] File change detected: /Users/steveklabnik/Code/rue/work/.beads/issues.jsonl (op: CHMOD)
[2025-12-20 20:36:52] Import triggered by file change
[2025-12-20 20:36:52] Starting auto-import...
[2025-12-20 20:36:52] JSONL content changed, proceeding with auto-import...
[2025-12-20 20:36:52] ⚠️  WARNING: Uncommitted local changes detected in /Users/steveklabnik/Code/rue/work/.beads/issues.jsonl
[2025-12-20 20:36:52]    Pulling from remote may overwrite local unpushed changes.
[2025-12-20 20:36:52]    Consider running 'bd sync' to commit and push your changes first.
[2025-12-20 20:36:52] Pull failed: failed to get current branch: exit status 128
[2025-12-20 20:36:58] File change detected: /Users/steveklabnik/Code/rue/work/.beads/issues.jsonl (op: CHMOD)
[2025-12-20 20:36:59] Import triggered by file change
[2025-12-20 20:36:59] Starting auto-import...
[2025-12-20 20:36:59] JSONL content changed, proceeding with auto-import...
[2025-12-20 20:36:59] ⚠️  WARNING: Uncommitted local changes detected in /Users/steveklabnik/Code/rue/work/.beads/issues.jsonl
[2025-12-20 20:36:59]    Pulling from remote may overwrite local unpushed changes.
[2025-12-20 20:36:59]    Consider running 'bd sync' to commit and push your changes first.
[2025-12-20 20:36:59] Pull failed: failed to get current branch: exit status 128
[2025-12-20 20:36:59] File change detected: /Users/steveklabnik/Code/rue/work/.beads/issues.jsonl (op: CHMOD)
[2025-12-20 20:37:00] Import triggered by file change
[2025-12-20 20:37:00] Starting auto-import...
[2025-12-20 20:37:00] JSONL content changed, proceeding with auto-import...
[2025-12-20 20:37:00] ⚠️  WARNING: Uncommitted local changes detected in /Users/steveklabnik/Code/rue/work/.beads/issues.jsonl
[2025-12-20 20:37:00]    Pulling from remote may overwrite local unpushed changes.
[2025-12-20 20:37:00]    Consider running 'bd sync' to commit and push your changes first.
[2025-12-20 20:37:00] Pull failed: failed to get current branch: exit status 128
[2025-12-20 20:37:46] File change detected: /Users/steveklabnik/Code/rue/work/.beads/issues.jsonl (op: CHMOD)
[2025-12-20 20:37:47] Import triggered by file change
[2025-12-20 20:37:47] Starting auto-import...
[2025-12-20 20:37:47] JSONL content changed, proceeding with auto-import...
[2025-12-20 20:37:47] ⚠️  WARNING: Uncommitted local changes detected in /Users/steveklabnik/Code/rue/work/.beads/issues.jsonl
[2025-12-20 20:37:47]    Pulling from remote may overwrite local unpushed changes.
[2025-12-20 20:37:47]    Consider running 'bd sync' to commit and push your changes first.
[2025-12-20 20:37:47] Pull failed: failed to get current branch: exit status 128
[2025-12-20 20:38:00] File change detected: /Users/steveklabnik/Code/rue/work/.beads/issues.jsonl (op: CHMOD)
[2025-12-20 20:38:01] Import triggered by file change
[2025-12-20 20:38:01] Starting auto-import...
[2025-12-20 20:38:01] JSONL content changed, proceeding with auto-import...
[2025-12-20 20:38:01] ⚠️  WARNING: Uncommitted local changes detected in /Users/steveklabnik/Code/rue/work/.beads/issues.jsonl
[2025-12-20 20:38:01]    Pulling from remote may overwrite local unpushed changes.
[2025-12-20 20:38:01]    Consider running 'bd sync' to commit and push your changes first.
[2025-12-20 20:38:01] Pull failed: failed to get current branch: exit status 128
[2025-12-20 20:38:05] File change detected: /Users/steveklabnik/Code/rue/work/.beads/issues.jsonl (op: CHMOD)
[2025-12-20 20:38:06] Import triggered by file change
[2025-12-20 20:38:06] Starting auto-import...
[2025-12-20 20:38:06] JSONL content changed, proceeding with auto-import...
[2025-12-20 20:38:06] ⚠️  WARNING: Uncommitted local changes detected in /Users/steveklabnik/Code/rue/work/.beads/issues.jsonl
[2025-12-20 20:38:06]    Pulling from remote may overwrite local unpushed changes.
[2025-12-20 20:38:06]    Consider running 'bd sync' to commit and push your changes first.
[2025-12-20 20:38:06] Pull failed: failed to get current branch: exit status 128
[2025-12-20 20:38:13] File change detected: /Users/steveklabnik/Code/rue/work/.beads/issues.jsonl (op: CHMOD)
[2025-12-20 20:38:14] Import triggered by file change
[2025-12-20 20:38:14] Starting auto-import...
[2025-12-20 20:38:14] JSONL content changed, proceeding with auto-import...
[2025-12-20 20:38:14] ⚠️  WARNING: Uncommitted local changes detected in /Users/steveklabnik/Code/rue/work/.beads/issues.jsonl
[2025-12-20 20:38:14]    Pulling from remote may overwrite local unpushed changes.
[2025-12-20 20:38:14]    Consider running 'bd sync' to commit and push your changes first.
[2025-12-20 20:38:14] Pull failed: failed to get current branch: exit status 128
[2025-12-20 20:38:19] File change detected: /Users/steveklabnik/Code/rue/work/.beads/issues.jsonl (op: CHMOD)
[2025-12-20 20:38:20] Import triggered by file change
[2025-12-20 20:38:20] Starting auto-import...
[2025-12-20 20:38:20] JSONL content changed, proceeding with auto-import...
[2025-12-20 20:38:20] ⚠️  WARNING: Uncommitted local changes detected in /Users/steveklabnik/Code/rue/work/.beads/issues.jsonl
[2025-12-20 20:38:20]    Pulling from remote may overwrite local unpushed changes.
[2025-12-20 20:38:20]    Consider running 'bd sync' to commit and push your changes first.
[2025-12-20 20:38:20] Pull failed: failed to get current branch: exit status 128
[2025-12-20 20:38:24] File change detected: /Users/steveklabnik/Code/rue/work/.beads/issues.jsonl (op: CHMOD)
[2025-12-20 20:38:25] Import triggered by file change
[2025-12-20 20:38:25] Starting auto-import...
[2025-12-20 20:38:25] JSONL content changed, proceeding with auto-import...
[2025-12-20 20:38:25] ⚠️  WARNING: Uncommitted local changes detected in /Users/steveklabnik/Code/rue/work/.beads/issues.jsonl
[2025-12-20 20:38:25]    Pulling from remote may overwrite local unpushed changes.
[2025-12-20 20:38:25]    Consider running 'bd sync' to commit and push your changes first.
[2025-12-20 20:38:25] Pull failed: failed to get current branch: exit status 128
[2025-12-20 20:38:33] File change detected: /Users/steveklabnik/Code/rue/work/.beads/issues.jsonl (op: CHMOD)
[2025-12-20 20:38:34] Import triggered by file change
[2025-12-20 20:38:34] Starting auto-import...
[2025-12-20 20:38:34] JSONL content changed, proceeding with auto-import...
[2025-12-20 20:38:34] ⚠️  WARNING: Uncommitted local changes detected in /Users/steveklabnik/Code/rue/work/.beads/issues.jsonl
[2025-12-20 20:38:34]    Pulling from remote may overwrite local unpushed changes.
[2025-12-20 20:38:34]    Consider running 'bd sync' to commit and push your changes first.
[2025-12-20 20:38:34] Pull failed: failed to get current branch: exit status 128
[2025-12-20 20:38:38] File change detected: /Users/steveklabnik/Code/rue/work/.beads/issues.jsonl (op: CHMOD)
[2025-12-20 20:38:39] Import triggered by file change
[2025-12-20 20:38:39] Starting auto-import...
[2025-12-20 20:38:39] JSONL content changed, proceeding with auto-import...
[2025-12-20 20:38:39] ⚠️  WARNING: Uncommitted local changes detected in /Users/steveklabnik/Code/rue/work/.beads/issues.jsonl
[2025-12-20 20:38:39]    Pulling from remote may overwrite local unpushed changes.
[2025-12-20 20:38:39]    Consider running 'bd sync' to commit and push your changes first.
[2025-12-20 20:38:39] Pull failed: failed to get current branch: exit status 128
[2025-12-20 20:38:43] File change detected: /Users/steveklabnik/Code/rue/work/.beads/issues.jsonl (op: CHMOD)
[2025-12-20 20:38:44] Import triggered by file change
[2025-12-20 20:38:44] Starting auto-import...
[2025-12-20 20:38:44] JSONL content changed, proceeding with auto-import...
[2025-12-20 20:38:44] ⚠️  WARNING: Uncommitted local changes detected in /Users/steveklabnik/Code/rue/work/.beads/issues.jsonl
[2025-12-20 20:38:44]    Pulling from remote may overwrite local unpushed changes.
[2025-12-20 20:38:44]    Consider running 'bd sync' to commit and push your changes first.
[2025-12-20 20:38:44] Pull failed: failed to get current branch: exit status 128
[2025-12-20 20:38:48] File change detected: /Users/steveklabnik/Code/rue/work/.beads/issues.jsonl (op: CHMOD)
[2025-12-20 20:38:49] Import triggered by file change
[2025-12-20 20:38:49] Starting auto-import...
[2025-12-20 20:38:49] JSONL content changed, proceeding with auto-import...
[2025-12-20 20:38:49] ⚠️  WARNING: Uncommitted local changes detected in /Users/steveklabnik/Code/rue/work/.beads/issues.jsonl
[2025-12-20 20:38:49]    Pulling from remote may overwrite local unpushed changes.
[2025-12-20 20:38:49]    Consider running 'bd sync' to commit and push your changes first.
[2025-12-20 20:38:49] Pull failed: failed to get current branch: exit status 128
[2025-12-20 20:38:57] File change detected: /Users/steveklabnik/Code/rue/work/.beads/issues.jsonl (op: CHMOD)
[2025-12-20 20:38:58] Import triggered by file change
[2025-12-20 20:38:58] Starting auto-import...
[2025-12-20 20:38:58] JSONL content changed, proceeding with auto-import...
[2025-12-20 20:38:58] ⚠️  WARNING: Uncommitted local changes detected in /Users/steveklabnik/Code/rue/work/.beads/issues.jsonl
[2025-12-20 20:38:58]    Pulling from remote may overwrite local unpushed changes.
[2025-12-20 20:38:58]    Consider running 'bd sync' to commit and push your changes first.
[2025-12-20 20:38:59] Pull failed: failed to get current branch: exit status 128
[2025-12-20 20:39:11] File change detected: /Users/steveklabnik/Code/rue/work/.beads/issues.jsonl (op: CHMOD)
[2025-12-20 20:39:12] Import triggered by file change
[2025-12-20 20:39:12] Starting auto-import...
[2025-12-20 20:39:12] JSONL content changed, proceeding with auto-import...
[2025-12-20 20:39:12] ⚠️  WARNING: Uncommitted local changes detected in /Users/steveklabnik/Code/rue/work/.beads/issues.jsonl
[2025-12-20 20:39:12]    Pulling from remote may overwrite local unpushed changes.
[2025-12-20 20:39:12]    Consider running 'bd sync' to commit and push your changes first.
[2025-12-20 20:39:12] Pull failed: failed to get current branch: exit status 128
[2025-12-20 20:39:16] File change detected: /Users/steveklabnik/Code/rue/work/.beads/issues.jsonl (op: CHMOD)
[2025-12-20 20:39:17] Import triggered by file change
[2025-12-20 20:39:17] Starting auto-import...
[2025-12-20 20:39:17] JSONL content changed, proceeding with auto-import...
[2025-12-20 20:39:17] ⚠️  WARNING: Uncommitted local changes detected in /Users/steveklabnik/Code/rue/work/.beads/issues.jsonl
[2025-12-20 20:39:17]    Pulling from remote may overwrite local unpushed changes.
[2025-12-20 20:39:17]    Consider running 'bd sync' to commit and push your changes first.
[2025-12-20 20:39:17] Pull failed: failed to get current branch: exit status 128
[2025-12-20 20:39:21] File change detected: /Users/steveklabnik/Code/rue/work/.beads/issues.jsonl (op: CHMOD)
[2025-12-20 20:39:22] Import triggered by file change
[2025-12-20 20:39:22] Starting auto-import...
[2025-12-20 20:39:22] JSONL content changed, proceeding with auto-import...
[2025-12-20 20:39:22] ⚠️  WARNING: Uncommitted local changes detected in /Users/steveklabnik/Code/rue/work/.beads/issues.jsonl
[2025-12-20 20:39:22]    Pulling from remote may overwrite local unpushed changes.
[2025-12-20 20:39:22]    Consider running 'bd sync' to commit and push your changes first.
[2025-12-20 20:39:22] Pull failed: failed to get current branch: exit status 128
[2025-12-20 20:39:34] Git HEAD change detected: /Users/steveklabnik/Code/rue/work/.git/HEAD
[2025-12-20 20:39:35] Import triggered by file change
[2025-12-20 20:39:35] Starting auto-import...
[2025-12-20 20:39:35] JSONL content changed, proceeding with auto-import...
[2025-12-20 20:39:35] File change detected: /Users/steveklabnik/Code/rue/work/.beads/issues.jsonl (op: CHMOD)
[2025-12-20 20:39:35] Pull failed: failed to get current branch: exit status 128
[2025-12-20 20:39:36] Import triggered by file change
[2025-12-20 20:39:36] Starting auto-import...
[2025-12-20 20:39:36] JSONL content changed, proceeding with auto-import...
[2025-12-20 20:39:36] Pull failed: failed to get current branch: exit status 128
[2025-12-20 20:42:46] Git HEAD change detected: /Users/steveklabnik/Code/rue/work/.git/HEAD
[2025-12-20 20:42:46] JSONL removed/renamed, re-establishing watch
[2025-12-20 20:42:46] Successfully re-established JSONL watch after 50ms
[2025-12-20 20:42:46] JSONL file created: /Users/steveklabnik/Code/rue/work/.beads/issues.jsonl
[2025-12-20 20:42:46] JSONL removed/renamed, re-establishing watch
[2025-12-20 20:42:46] Successfully re-established JSONL watch after 50ms
[2025-12-20 20:42:46] JSONL file created: /Users/steveklabnik/Code/rue/work/.beads/issues.jsonl
[2025-12-20 20:42:47] Import triggered by file change
[2025-12-20 20:42:47] Starting auto-import...
[2025-12-20 20:42:47] JSONL content changed, proceeding with auto-import...
[2025-12-20 20:42:47] ⚠️  WARNING: Uncommitted local changes detected in /Users/steveklabnik/Code/rue/work/.beads/issues.jsonl
[2025-12-20 20:42:47]    Pulling from remote may overwrite local unpushed changes.
[2025-12-20 20:42:47]    Consider running 'bd sync' to commit and push your changes first.
[2025-12-20 20:42:47] Pull failed: failed to get current branch: exit status 128
[2025-12-20 20:42:48] Git HEAD change detected: /Users/steveklabnik/Code/rue/work/.git/HEAD
[2025-12-20 20:42:48] JSONL removed/renamed, re-establishing watch
[2025-12-20 20:42:48] Successfully re-established JSONL watch after 50ms
[2025-12-20 20:42:48] JSONL file created: /Users/steveklabnik/Code/rue/work/.beads/issues.jsonl
[2025-12-20 20:42:48] File change detected: /Users/steveklabnik/Code/rue/work/.beads/issues.jsonl (op: CHMOD)
[2025-12-20 20:42:49] Import triggered by file change
[2025-12-20 20:42:49] Starting auto-import...
[2025-12-20 20:42:49] JSONL content changed, proceeding with auto-import...
[2025-12-20 20:42:49] File change detected: /Users/steveklabnik/Code/rue/work/.beads/issues.jsonl (op: CHMOD)
[2025-12-20 20:42:49] Pull failed: failed to get current branch: exit status 128
[2025-12-20 20:42:50] Import triggered by file change
[2025-12-20 20:42:50] Starting auto-import...
[2025-12-20 20:42:50] JSONL content changed, proceeding with auto-import...
[2025-12-20 20:42:50] Pull failed: failed to get current branch: exit status 128
[2025-12-20 20:43:04] Git HEAD change detected: /Users/steveklabnik/Code/rue/work/.git/HEAD
[2025-12-20 20:43:04] JSONL removed/renamed, re-establishing watch
[2025-12-20 20:43:04] Successfully re-established JSONL watch after 50ms
[2025-12-20 20:43:04] JSONL file created: /Users/steveklabnik/Code/rue/work/.beads/issues.jsonl
[2025-12-20 20:43:05] Import triggered by file change
[2025-12-20 20:43:05] Starting auto-import...
[2025-12-20 20:43:05] JSONL content changed, proceeding with auto-import...
[2025-12-20 20:43:05] File change detected: /Users/steveklabnik/Code/rue/work/.beads/issues.jsonl (op: CHMOD)
[2025-12-20 20:43:05] Pull failed: failed to get current branch: exit status 128
[2025-12-20 20:43:06] Import triggered by file change
[2025-12-20 20:43:06] Starting auto-import...
[2025-12-20 20:43:06] JSONL content changed, proceeding with auto-import...
[2025-12-20 20:43:06] Pull failed: failed to get current branch: exit status 128
[2025-12-20 20:44:47] Git HEAD change detected: /Users/steveklabnik/Code/rue/work/.git/HEAD
[2025-12-20 20:44:47] JSONL removed/renamed, re-establishing watch
[2025-12-20 20:44:47] Successfully re-established JSONL watch after 50ms
[2025-12-20 20:44:47] JSONL file created: /Users/steveklabnik/Code/rue/work/.beads/issues.jsonl
[2025-12-20 20:44:48] Import triggered by file change
[2025-12-20 20:44:48] Starting auto-import...
[2025-12-20 20:44:48] JSONL content changed, proceeding with auto-import...
[2025-12-20 20:44:48] File change detected: /Users/steveklabnik/Code/rue/work/.beads/issues.jsonl (op: CHMOD)
[2025-12-20 20:44:48] Pull failed: failed to get current branch: exit status 128
[2025-12-20 20:44:49] Import triggered by file change
[2025-12-20 20:44:49] Starting auto-import...
[2025-12-20 20:44:49] JSONL content changed, proceeding with auto-import...
[2025-12-20 20:44:49] Pull failed: failed to get current branch: exit status 128
[2025-12-20 20:52:23] Mutation detected: update tree1-ttd
[2025-12-20 20:52:24] Export triggered by mutation events
[2025-12-20 20:52:24] Starting export...
[2025-12-20 20:52:24] Pre-export validation failed: refusing to export: JSONL content has changed since last import (import first to avoid data loss)
[2025-12-20 20:59:25] Mutation detected: update tree1-ttd
[2025-12-20 20:59:26] Export triggered by mutation events
[2025-12-20 20:59:26] Starting export...
[2025-12-20 20:59:26] Pre-export validation failed: refusing to export: JSONL content has changed since last import (import first to avoid data loss)
[2025-12-20 21:07:38] Mutation detected: create tree1-yw1
[2025-12-20 21:07:39] Export triggered by mutation events
[2025-12-20 21:07:39] Starting export...
[2025-12-20 21:07:39] Pre-export validation failed: refusing to export: JSONL content has changed since last import (import first to avoid data loss)
[2025-12-20 21:07:39] Mutation detected: create tree1-ogy
[2025-12-20 21:07:40] Export triggered by mutation events
[2025-12-20 21:07:40] Starting export...
[2025-12-20 21:07:40] Pre-export validation failed: refusing to export: JSONL content has changed since last import (import first to avoid data loss)
[2025-12-20 21:07:48] Mutation detected: update tree1-yw1
[2025-12-20 21:07:49] Export triggered by mutation events
[2025-12-20 21:07:49] Starting export...
[2025-12-20 21:07:49] Pre-export validation failed: refusing to export: JSONL content has changed since last import (import first to avoid data loss)
[2025-12-20 21:07:49] Mutation detected: update tree1-ogy
[2025-12-20 21:07:50] Export triggered by mutation events
[2025-12-20 21:07:50] Starting export...
[2025-12-20 21:07:50] Pre-export validation failed: refusing to export: JSONL content has changed since last import (import first to avoid data loss)
[2025-12-20 21:08:43] Git HEAD change detected: /Users/steveklabnik/Code/rue/work/.git/HEAD
[2025-12-20 21:08:44] Import triggered by file change
[2025-12-20 21:08:44] Starting auto-import...
[2025-12-20 21:08:44] JSONL content changed, proceeding with auto-import...
[2025-12-20 21:08:44] Pull failed: failed to get current branch: exit status 128
[2025-12-20 21:13:23] Mutation detected: update tree1-14q
[2025-12-20 21:13:24] Export triggered by mutation events
[2025-12-20 21:13:24] Starting export...
[2025-12-20 21:13:24] Pre-export validation failed: refusing to export: JSONL content has changed since last import (import first to avoid data loss)
[2025-12-20 21:26:46] Mutation detected: update tree1-14q
[2025-12-20 21:26:46] Export triggered by mutation events
[2025-12-20 21:26:46] Starting export...
[2025-12-20 21:26:46] Pre-export validation failed: refusing to export: JSONL content has changed since last import (import first to avoid data loss)
[2025-12-20 21:29:15] Git HEAD change detected: /Users/steveklabnik/Code/rue/work/.git/HEAD
[2025-12-20 21:29:16] Import triggered by file change
[2025-12-20 21:29:16] Starting auto-import...
[2025-12-20 21:29:16] JSONL content changed, proceeding with auto-import...
[2025-12-20 21:29:16] Pull failed: failed to get current branch: exit status 128
[2025-12-20 21:29:33] Git HEAD change detected: /Users/steveklabnik/Code/rue/work/.git/HEAD
[2025-12-20 21:29:34] Import triggered by file change
[2025-12-20 21:29:34] Starting auto-import...
[2025-12-20 21:29:34] JSONL content changed, proceeding with auto-import...
[2025-12-20 21:29:34] Pull failed: failed to get current branch: exit status 128
[2025-12-20 21:33:53] Mutation detected: create tree1-pnu
[2025-12-20 21:33:54] Export triggered by mutation events
[2025-12-20 21:33:54] Starting export...
[2025-12-20 21:33:54] Pre-export validation failed: refusing to export: JSONL content has changed since last import (import first to avoid data loss)
[2025-12-20 21:34:06] Mutation detected: update tree1-pnu
[2025-12-20 21:34:06] Export triggered by mutation events
[2025-12-20 21:34:06] Starting export...
[2025-12-20 21:34:06] Pre-export validation failed: refusing to export: JSONL content has changed since last import (import first to avoid data loss)
[2025-12-20 21:45:36] Mutation detected: create tree1-h3x
[2025-12-20 21:45:37] Export triggered by mutation events
[2025-12-20 21:45:37] Starting export...
[2025-12-20 21:45:37] Pre-export validation failed: refusing to export: JSONL content has changed since last import (import first to avoid data loss)
[2025-12-20 21:45:38] Mutation detected: create tree1-06d
[2025-12-20 21:45:39] Export triggered by mutation events
[2025-12-20 21:45:39] Starting export...
[2025-12-20 21:45:39] Pre-export validation failed: refusing to export: JSONL content has changed since last import (import first to avoid data loss)
[2025-12-20 21:45:47] Mutation detected: update tree1-h3x
[2025-12-20 21:45:48] Export triggered by mutation events
[2025-12-20 21:45:48] Starting export...
[2025-12-20 21:45:48] Pre-export validation failed: refusing to export: JSONL content has changed since last import (import first to avoid data loss)
[2025-12-20 21:45:48] Mutation detected: update tree1-06d
[2025-12-20 21:45:49] Export triggered by mutation events
[2025-12-20 21:45:49] Starting export...
[2025-12-20 21:45:49] Pre-export validation failed: refusing to export: JSONL content has changed since last import (import first to avoid data loss)
[2025-12-20 21:47:01] Mutation detected: update tree1-1l4
[2025-12-20 21:47:01] Export triggered by mutation events
[2025-12-20 21:47:01] Starting export...
[2025-12-20 21:47:01] Pre-export validation failed: refusing to export: JSONL content has changed since last import (import first to avoid data loss)
[2025-12-20 21:50:53] Mutation detected: update tree1-1l4
[2025-12-20 21:50:54] Export triggered by mutation events
[2025-12-20 21:50:54] Starting export...
[2025-12-20 21:50:54] Pre-export validation failed: refusing to export: JSONL content has changed since last import (import first to avoid data loss)
[2025-12-20 21:55:21] Git HEAD change detected: /Users/steveklabnik/Code/rue/work/.git/HEAD
[2025-12-20 21:55:22] Import triggered by file change
[2025-12-20 21:55:22] Starting auto-import...
[2025-12-20 21:55:22] JSONL content changed, proceeding with auto-import...
[2025-12-20 21:55:22] Pull failed: failed to get current branch: exit status 128
[2025-12-20 21:58:05] Mutation detected: create tree1-6a6
[2025-12-20 21:58:06] Export triggered by mutation events
[2025-12-20 21:58:06] Starting export...
[2025-12-20 21:58:06] Pre-export validation failed: refusing to export: JSONL content has changed since last import (import first to avoid data loss)
[2025-12-20 22:12:10] Mutation detected: update tree1-6a6
[2025-12-20 22:12:11] Export triggered by mutation events
[2025-12-20 22:12:11] Starting export...
[2025-12-20 22:12:11] Pre-export validation failed: refusing to export: JSONL content has changed since last import (import first to avoid data loss)
[2025-12-20 22:38:22] Git HEAD change detected: /Users/steveklabnik/Code/rue/work/.git/HEAD
[2025-12-20 22:38:23] Import triggered by file change
[2025-12-20 22:38:23] Starting auto-import...
[2025-12-20 22:38:23] JSONL content changed, proceeding with auto-import...
[2025-12-20 22:38:23] Pull failed: failed to get current branch: exit status 128
[2025-12-20 22:43:38] Git HEAD change detected: /Users/steveklabnik/Code/rue/work/.git/HEAD
[2025-12-20 22:43:39] Import triggered by file change
[2025-12-20 22:43:39] Starting auto-import...
[2025-12-20 22:43:39] JSONL content changed, proceeding with auto-import...
[2025-12-20 22:43:39] Pull failed: failed to get current branch: exit status 128
[2025-12-20 22:44:21] Git HEAD change detected: /Users/steveklabnik/Code/rue/work/.git/HEAD
[2025-12-20 22:44:22] Import triggered by file change
[2025-12-20 22:44:22] Starting auto-import...
[2025-12-20 22:44:22] JSONL content changed, proceeding with auto-import...
[2025-12-20 22:44:22] Pull failed: failed to get current branch: exit status 128
[2025-12-20 22:49:09] Git HEAD change detected: /Users/steveklabnik/Code/rue/work/.git/HEAD
[2025-12-20 22:49:10] Import triggered by file change
[2025-12-20 22:49:10] Starting auto-import...
[2025-12-20 22:49:10] JSONL content changed, proceeding with auto-import...
[2025-12-20 22:49:10] Pull failed: failed to get current branch: exit status 128
[2025-12-20 22:49:55] Mutation detected: create tree1-q41
[2025-12-20 22:49:56] Export triggered by mutation events
[2025-12-20 22:49:56] Starting export...
[2025-12-20 22:49:56] Pre-export validation failed: refusing to export: JSONL content has changed since last import (import first to avoid data loss)
[2025-12-20 22:56:52] Mutation detected: update tree1-q41
[2025-12-20 22:56:52] Export triggered by mutation events
[2025-12-20 22:56:52] Starting export...
[2025-12-20 22:56:52] Pre-export validation failed: refusing to export: JSONL content has changed since last import (import first to avoid data loss)
[2025-12-20 23:00:17] Git HEAD change detected: /Users/steveklabnik/Code/rue/work/.git/HEAD
[2025-12-20 23:00:18] Import triggered by file change
[2025-12-20 23:00:18] Starting auto-import...
[2025-12-20 23:00:18] JSONL content changed, proceeding with auto-import...
[2025-12-20 23:00:19] Pull failed: failed to get current branch: exit status 128
[2025-12-20 23:07:53] Mutation detected: update tree1-06d
[2025-12-20 23:07:53] Export triggered by mutation events
[2025-12-20 23:07:53] Starting export...
[2025-12-20 23:07:53] Pre-export validation failed: refusing to export: JSONL content has changed since last import (import first to avoid data loss)
[2025-12-20 23:23:22] Mutation detected: update tree1-06d
[2025-12-20 23:23:23] Export triggered by mutation events
[2025-12-20 23:23:23] Starting export...
[2025-12-20 23:23:23] Pre-export validation failed: refusing to export: JSONL content has changed since last import (import first to avoid data loss)
[2025-12-20 23:25:21] Git HEAD change detected: /Users/steveklabnik/Code/rue/work/.git/HEAD
[2025-12-20 23:25:22] Import triggered by file change
[2025-12-20 23:25:22] Starting auto-import...
[2025-12-20 23:25:22] JSONL content changed, proceeding with auto-import...
[2025-12-20 23:25:22] Pull failed: failed to get current branch: exit status 128
[2025-12-20 23:25:46] Git HEAD change detected: /Users/steveklabnik/Code/rue/work/.git/HEAD
[2025-12-20 23:25:46] JSONL removed/renamed, re-establishing watch
[2025-12-20 23:25:47] Successfully re-established JSONL watch after 50ms
[2025-12-20 23:25:47] JSONL file created: /Users/steveklabnik/Code/rue/work/.beads/issues.jsonl
[2025-12-20 23:25:48] Import triggered by file change
[2025-12-20 23:25:48] Starting auto-import...
[2025-12-20 23:25:48] JSONL content changed, proceeding with auto-import...
[2025-12-20 23:25:48] File change detected: /Users/steveklabnik/Code/rue/work/.beads/issues.jsonl (op: CHMOD)
[2025-12-20 23:25:48] Pull failed: failed to get current branch: exit status 128
[2025-12-20 23:25:49] Import triggered by file change
[2025-12-20 23:25:49] Starting auto-import...
[2025-12-20 23:25:49] JSONL content changed, proceeding with auto-import...
[2025-12-20 23:25:49] Pull failed: failed to get current branch: exit status 128
[2025-12-20 23:31:35] Mutation detected: create tree1-en6
[2025-12-20 23:31:35] Export triggered by mutation events
[2025-12-20 23:31:35] Starting export...
[2025-12-20 23:31:35] Pre-export validation failed: refusing to export: JSONL content has changed since last import (import first to avoid data loss)
[2025-12-20 23:31:39] Mutation detected: create tree1-3yc
[2025-12-20 23:31:40] Export triggered by mutation events
[2025-12-20 23:31:40] Starting export...
[2025-12-20 23:31:40] Pre-export validation failed: refusing to export: JSONL content has changed since last import (import first to avoid data loss)
[2025-12-20 23:32:53] Git HEAD change detected: /Users/steveklabnik/Code/rue/work/.git/HEAD
[2025-12-20 23:32:54] Import triggered by file change
[2025-12-20 23:32:54] Starting auto-import...
[2025-12-20 23:32:54] JSONL content changed, proceeding with auto-import...
[2025-12-20 23:32:54] Pull failed: failed to get current branch: exit status 128
[2025-12-20 23:34:21] Mutation detected: update tree1-h3x
[2025-12-20 23:34:22] Export triggered by mutation events
[2025-12-20 23:34:22] Starting export...
[2025-12-20 23:34:22] Pre-export validation failed: refusing to export: JSONL content has changed since last import (import first to avoid data loss)
[2025-12-20 23:39:21] Mutation detected: update tree1-h3x
[2025-12-20 23:39:21] Export triggered by mutation events
[2025-12-20 23:39:21] Starting export...
[2025-12-20 23:39:21] Pre-export validation failed: refusing to export: JSONL content has changed since last import (import first to avoid data loss)
[2025-12-20 23:39:45] Git HEAD change detected: /Users/steveklabnik/Code/rue/work/.git/HEAD
[2025-12-20 23:39:46] Import triggered by file change
[2025-12-20 23:39:46] Starting auto-import...
[2025-12-20 23:39:46] JSONL content changed, proceeding with auto-import...
[2025-12-20 23:39:46] Pull failed: failed to get current branch: exit status 128
[2025-12-20 23:42:31] Mutation detected: update tree1-pnu
[2025-12-20 23:42:32] Export triggered by mutation events
[2025-12-20 23:42:32] Starting export...
[2025-12-20 23:42:32] Pre-export validation failed: refusing to export: JSONL content has changed since last import (import first to avoid data loss)
[2025-12-20 23:55:06] Mutation detected: update tree1-pnu
[2025-12-20 23:55:06] Export triggered by mutation events
[2025-12-20 23:55:06] Starting export...
[2025-12-20 23:55:06] Pre-export validation failed: refusing to export: JSONL content has changed since last import (import first to avoid data loss)
[2025-12-20 23:58:47] Git HEAD change detected: /Users/steveklabnik/Code/rue/work/.git/HEAD
[2025-12-20 23:58:48] Import triggered by file change
[2025-12-20 23:58:48] Starting auto-import...
[2025-12-20 23:58:48] JSONL content changed, proceeding with auto-import...
[2025-12-20 23:58:48] Pull failed: failed to get current branch: exit status 128
[2025-12-20 23:59:27] Git HEAD change detected: /Users/steveklabnik/Code/rue/work/.git/HEAD
[2025-12-20 23:59:27] JSONL removed/renamed, re-establishing watch
[2025-12-20 23:59:27] Successfully re-established JSONL watch after 50ms
[2025-12-20 23:59:27] JSONL file created: /Users/steveklabnik/Code/rue/work/.beads/issues.jsonl
[2025-12-20 23:59:28] Import triggered by file change
[2025-12-20 23:59:28] Starting auto-import...
[2025-12-20 23:59:28] JSONL content changed, proceeding with auto-import...
[2025-12-20 23:59:28] File change detected: /Users/steveklabnik/Code/rue/work/.beads/issues.jsonl (op: CHMOD)
[2025-12-20 23:59:28] ⚠️  WARNING: Uncommitted local changes detected in /Users/steveklabnik/Code/rue/work/.beads/issues.jsonl
[2025-12-20 23:59:28]    Pulling from remote may overwrite local unpushed changes.
[2025-12-20 23:59:28]    Consider running 'bd sync' to commit and push your changes first.
[2025-12-20 23:59:28] Pull failed: failed to get current branch: exit status 128
[2025-12-20 23:59:29] Import triggered by file change
[2025-12-20 23:59:29] Starting auto-import...
[2025-12-20 23:59:29] JSONL content changed, proceeding with auto-import...
[2025-12-20 23:59:29] ⚠️  WARNING: Uncommitted local changes detected in /Users/steveklabnik/Code/rue/work/.beads/issues.jsonl
[2025-12-20 23:59:29]    Pulling from remote may overwrite local unpushed changes.
[2025-12-20 23:59:29]    Consider running 'bd sync' to commit and push your changes first.
[2025-12-20 23:59:29] Pull failed: failed to get current branch: exit status 128
[2025-12-21 00:04:16] Git HEAD change detected: /Users/steveklabnik/Code/rue/work/.git/HEAD
[2025-12-21 00:04:17] Import triggered by file change
[2025-12-21 00:04:17] Starting auto-import...
[2025-12-21 00:04:17] JSONL content changed, proceeding with auto-import...
[2025-12-21 00:04:17] Pull failed: failed to get current branch: exit status 128
[2025-12-21 00:06:29] Git HEAD change detected: /Users/steveklabnik/Code/rue/work/.git/HEAD
[2025-12-21 00:06:30] Import triggered by file change
[2025-12-21 00:06:30] Starting auto-import...
[2025-12-21 00:06:30] JSONL content changed, proceeding with auto-import...
[2025-12-21 00:06:30] Pull failed: failed to get current branch: exit status 128
[2025-12-21 00:07:03] Git HEAD change detected: /Users/steveklabnik/Code/rue/work/.git/HEAD
[2025-12-21 00:07:04] Import triggered by file change
[2025-12-21 00:07:04] Starting auto-import...
[2025-12-21 00:07:04] JSONL content changed, proceeding with auto-import...
[2025-12-21 00:07:04] Pull failed: failed to get current branch: exit status 128
[2025-12-21 00:09:44] Mutation detected: create tree1-z71
[2025-12-21 00:09:44] Export triggered by mutation events
[2025-12-21 00:09:44] Starting export...
[2025-12-21 00:09:44] Pre-export validation failed: refusing to export: JSONL content has changed since last import (import first to avoid data loss)
[2025-12-21 00:09:49] Mutation detected: update tree1-z71
[2025-12-21 00:09:50] Export triggered by mutation events
[2025-12-21 00:09:50] Starting export...
[2025-12-21 00:09:50] Pre-export validation failed: refusing to export: JSONL content has changed since last import (import first to avoid data loss)
[2025-12-21 00:14:03] Mutation detected: update tree1-z71
[2025-12-21 00:14:03] Export triggered by mutation events
[2025-12-21 00:14:03] Starting export...
[2025-12-21 00:14:03] Pre-export validation failed: refusing to export: JSONL content has changed since last import (import first to avoid data loss)
[2025-12-21 00:17:08] Mutation detected: create tree1-7k9
[2025-12-21 00:17:08] Export triggered by mutation events
[2025-12-21 00:17:08] Starting export...
[2025-12-21 00:17:08] Pre-export validation failed: refusing to export: JSONL content has changed since last import (import first to avoid data loss)
[2025-12-21 00:17:33] Git HEAD change detected: /Users/steveklabnik/Code/rue/work/.git/HEAD
[2025-12-21 00:17:34] Import triggered by file change
[2025-12-21 00:17:34] Starting auto-import...
[2025-12-21 00:17:34] JSONL content changed, proceeding with auto-import...
[2025-12-21 00:17:34] Pull failed: failed to get current branch: exit status 128
[2025-12-21 00:18:07] Git HEAD change detected: /Users/steveklabnik/Code/rue/work/.git/HEAD
[2025-12-21 00:18:08] Import triggered by file change
[2025-12-21 00:18:08] Starting auto-import...
[2025-12-21 00:18:08] JSONL content changed, proceeding with auto-import...
[2025-12-21 00:18:08] Pull failed: failed to get current branch: exit status 128
[2025-12-21 00:18:59] Mutation detected: create tree1-dgk
[2025-12-21 00:19:00] Export triggered by mutation events
[2025-12-21 00:19:00] Starting export...
[2025-12-21 00:19:00] Pre-export validation failed: refusing to export: JSONL content has changed since last import (import first to avoid data loss)
[2025-12-21 00:23:34] Mutation detected: update tree1-dgk
[2025-12-21 00:23:34] Export triggered by mutation events
[2025-12-21 00:23:34] Starting export...
[2025-12-21 00:23:34] Pre-export validation failed: refusing to export: JSONL content has changed since last import (import first to avoid data loss)
[2025-12-21 00:29:52] Git HEAD change detected: /Users/steveklabnik/Code/rue/work/.git/HEAD
[2025-12-21 00:29:53] Import triggered by file change
[2025-12-21 00:29:53] Starting auto-import...
[2025-12-21 00:29:53] JSONL content changed, proceeding with auto-import...
[2025-12-21 00:29:53] Pull failed: failed to get current branch: exit status 128
[2025-12-21 00:32:18] Mutation detected: update tree1-okm
[2025-12-21 00:32:18] Export triggered by mutation events
[2025-12-21 00:32:18] Starting export...
[2025-12-21 00:32:18] Pre-export validation failed: refusing to export: JSONL content has changed since last import (import first to avoid data loss)
[2025-12-21 00:45:43] Mutation detected: update tree1-okm
[2025-12-21 00:45:43] Export triggered by mutation events
[2025-12-21 00:45:43] Starting export...
[2025-12-21 00:45:43] Pre-export validation failed: refusing to export: JSONL content has changed since last import (import first to avoid data loss)
[2025-12-21 00:49:27] Mutation detected: create tree1-76a
[2025-12-21 00:49:28] Export triggered by mutation events
[2025-12-21 00:49:28] Starting export...
[2025-12-21 00:49:28] Pre-export validation failed: refusing to export: JSONL content has changed since last import (import first to avoid data loss)
[2025-12-21 00:50:08] Git HEAD change detected: /Users/steveklabnik/Code/rue/work/.git/HEAD
[2025-12-21 00:50:09] Import triggered by file change
[2025-12-21 00:50:09] Starting auto-import...
[2025-12-21 00:50:09] JSONL content changed, proceeding with auto-import...
[2025-12-21 00:50:09] Pull failed: failed to get current branch: exit status 128
[2025-12-21 00:50:50] Git HEAD change detected: /Users/steveklabnik/Code/rue/work/.git/HEAD
[2025-12-21 00:50:51] Import triggered by file change
[2025-12-21 00:50:51] Starting auto-import...
[2025-12-21 00:50:51] JSONL content changed, proceeding with auto-import...
[2025-12-21 00:50:51] Pull failed: failed to get current branch: exit status 128
[2025-12-21 00:50:55] Git HEAD change detected: /Users/steveklabnik/Code/rue/work/.git/HEAD
[2025-12-21 00:50:56] Import triggered by file change
[2025-12-21 00:50:56] Starting auto-import...
[2025-12-21 00:50:56] JSONL content changed, proceeding with auto-import...
[2025-12-21 00:50:56] Pull failed: failed to get current branch: exit status 128
[2025-12-21 00:54:01] Mutation detected: update tree1-tr8
[2025-12-21 00:54:01] Export triggered by mutation events
[2025-12-21 00:54:01] Starting export...
[2025-12-21 00:54:01] Pre-export validation failed: refusing to export: JSONL content has changed since last import (import first to avoid data loss)
[2025-12-21 00:59:04] Mutation detected: update tree1-tr8
[2025-12-21 00:59:04] Export triggered by mutation events
[2025-12-21 00:59:04] Starting export...
[2025-12-21 00:59:04] Pre-export validation failed: refusing to export: JSONL content has changed since last import (import first to avoid data loss)
[2025-12-21 01:03:42] Git HEAD change detected: /Users/steveklabnik/Code/rue/work/.git/HEAD
[2025-12-21 01:03:43] Import triggered by file change
[2025-12-21 01:03:43] Starting auto-import...
[2025-12-21 01:03:43] JSONL content changed, proceeding with auto-import...
[2025-12-21 01:03:43] Pull failed: failed to get current branch: exit status 128
[2025-12-21 01:04:03] Git HEAD change detected: /Users/steveklabnik/Code/rue/work/.git/HEAD
[2025-12-21 01:04:04] Import triggered by file change
[2025-12-21 01:04:04] Starting auto-import...
[2025-12-21 01:04:04] JSONL content changed, proceeding with auto-import...
[2025-12-21 01:04:04] Pull failed: failed to get current branch: exit status 128
[2025-12-21 01:04:15] Git HEAD change detected: /Users/steveklabnik/Code/rue/work/.git/HEAD
[2025-12-21 01:04:15] JSONL removed/renamed, re-establishing watch
[2025-12-21 01:04:15] Successfully re-established JSONL watch after 50ms
[2025-12-21 01:04:15] JSONL file created: /Users/steveklabnik/Code/rue/work/.beads/issues.jsonl
[2025-12-21 01:04:16] Import triggered by file change
[2025-12-21 01:04:16] Starting auto-import...
[2025-12-21 01:04:16] JSONL content changed, proceeding with auto-import...
[2025-12-21 01:04:16] File change detected: /Users/steveklabnik/Code/rue/work/.beads/issues.jsonl (op: CHMOD)
[2025-12-21 01:04:16] Pull failed: failed to get current branch: exit status 128
[2025-12-21 01:04:17] Import triggered by file change
[2025-12-21 01:04:17] Starting auto-import...
[2025-12-21 01:04:17] JSONL content changed, proceeding with auto-import...
[2025-12-21 01:04:17] Pull failed: failed to get current branch: exit status 128
[2025-12-21 01:05:28] Mutation detected: update tree1-mz7
[2025-12-21 01:05:29] Export triggered by mutation events
[2025-12-21 01:05:29] Starting export...
[2025-12-21 01:05:29] Pre-export validation failed: refusing to export: JSONL content has changed since last import (import first to avoid data loss)
[2025-12-21 01:15:46] Git HEAD change detected: /Users/steveklabnik/Code/rue/work/.git/HEAD
[2025-12-21 01:15:47] Import triggered by file change
[2025-12-21 01:15:47] Starting auto-import...
[2025-12-21 01:15:47] JSONL content changed, proceeding with auto-import...
[2025-12-21 01:15:47] Pull failed: failed to get current branch: exit status 128
[2025-12-21 01:16:25] Git HEAD change detected: /Users/steveklabnik/Code/rue/work/.git/HEAD
[2025-12-21 01:16:25] JSONL removed/renamed, re-establishing watch
[2025-12-21 01:16:25] Successfully re-established JSONL watch after 50ms
[2025-12-21 01:16:25] JSONL file created: /Users/steveklabnik/Code/rue/work/.beads/issues.jsonl
[2025-12-21 01:16:26] Import triggered by file change
[2025-12-21 01:16:26] Starting auto-import...
[2025-12-21 01:16:26] JSONL content changed, proceeding with auto-import...
[2025-12-21 01:16:26] File change detected: /Users/steveklabnik/Code/rue/work/.beads/issues.jsonl (op: CHMOD)
[2025-12-21 01:16:26] Pull failed: failed to get current branch: exit status 128
[2025-12-21 01:16:27] Import triggered by file change
[2025-12-21 01:16:27] Starting auto-import...
[2025-12-21 01:16:27] JSONL content changed, proceeding with auto-import...
[2025-12-21 01:16:27] Pull failed: failed to get current branch: exit status 128
[2025-12-21 01:21:56] Git HEAD change detected: /Users/steveklabnik/Code/rue/work/.git/HEAD
[2025-12-21 01:21:57] Import triggered by file change
[2025-12-21 01:21:57] Starting auto-import...
[2025-12-21 01:21:57] JSONL content changed, proceeding with auto-import...
[2025-12-21 01:21:57] Pull failed: failed to get current branch: exit status 128
[2025-12-21 10:27:06] Git HEAD change detected: /Users/steveklabnik/Code/rue/work/.git/HEAD
[2025-12-21 10:27:07] Import triggered by file change
[2025-12-21 10:27:07] Starting auto-import...
[2025-12-21 10:27:07] JSONL content changed, proceeding with auto-import...
[2025-12-21 10:27:07] Pull failed: failed to get current branch: exit status 128
[2025-12-21 10:27:40] Git HEAD change detected: /Users/steveklabnik/Code/rue/work/.git/HEAD
[2025-12-21 10:27:40] JSONL removed/renamed, re-establishing watch
[2025-12-21 10:27:40] Successfully re-established JSONL watch after 50ms
[2025-12-21 10:27:40] JSONL file created: /Users/steveklabnik/Code/rue/work/.beads/issues.jsonl
[2025-12-21 10:27:41] Import triggered by file change
[2025-12-21 10:27:41] Starting auto-import...
[2025-12-21 10:27:41] JSONL content changed, proceeding with auto-import...
[2025-12-21 10:27:41] File change detected: /Users/steveklabnik/Code/rue/work/.beads/issues.jsonl (op: CHMOD)
[2025-12-21 10:27:41] Pull failed: failed to get current branch: exit status 128
[2025-12-21 10:27:42] Import triggered by file change
[2025-12-21 10:27:42] Starting auto-import...
[2025-12-21 10:27:42] JSONL content changed, proceeding with auto-import...
[2025-12-21 10:27:42] Pull failed: failed to get current branch: exit status 128
[2025-12-21 10:28:39] Mutation detected: update tree1-t7a
[2025-12-21 10:28:40] Export triggered by mutation events
[2025-12-21 10:28:40] Starting export...
[2025-12-21 10:28:40] Pre-export validation failed: refusing to export: JSONL content has changed since last import (import first to avoid data loss)
[2025-12-21 10:56:08] Mutation detected: update tree1-t7a
[2025-12-21 10:56:08] Export triggered by mutation events
[2025-12-21 10:56:08] Starting export...
[2025-12-21 10:56:08] Pre-export validation failed: refusing to export: JSONL content has changed since last import (import first to avoid data loss)
[2025-12-21 11:03:30] Mutation detected: create tree1-du7
[2025-12-21 11:03:31] Export triggered by mutation events
[2025-12-21 11:03:31] Starting export...
[2025-12-21 11:03:31] Pre-export validation failed: refusing to export: JSONL content has changed since last import (import first to avoid data loss)
[2025-12-21 11:03:36] Mutation detected: update tree1-du7
[2025-12-21 11:03:37] Export triggered by mutation events
[2025-12-21 11:03:37] Starting export...
[2025-12-21 11:03:37] Pre-export validation failed: refusing to export: JSONL content has changed since last import (import first to avoid data loss)
[2025-12-21 11:06:43] Git HEAD change detected: /Users/steveklabnik/Code/rue/work/.git/HEAD
[2025-12-21 11:06:44] Import triggered by file change
[2025-12-21 11:06:44] Starting auto-import...
[2025-12-21 11:06:44] JSONL content changed, proceeding with auto-import...
[2025-12-21 11:06:44] Pull failed: failed to get current branch: exit status 128
[2025-12-21 11:07:01] Git HEAD change detected: /Users/steveklabnik/Code/rue/work/.git/HEAD
[2025-12-21 11:07:01] JSONL removed/renamed, re-establishing watch
[2025-12-21 11:07:01] Successfully re-established JSONL watch after 50ms
[2025-12-21 11:07:01] JSONL file created: /Users/steveklabnik/Code/rue/work/.beads/issues.jsonl
[2025-12-21 11:07:02] Import triggered by file change
[2025-12-21 11:07:02] Starting auto-import...
[2025-12-21 11:07:02] JSONL content changed, proceeding with auto-import...
[2025-12-21 11:07:02] File change detected: /Users/steveklabnik/Code/rue/work/.beads/issues.jsonl (op: CHMOD)
[2025-12-21 11:07:02] Pull failed: failed to get current branch: exit status 128
[2025-12-21 11:07:03] Import triggered by file change
[2025-12-21 11:07:03] Starting auto-import...
[2025-12-21 11:07:03] JSONL content changed, proceeding with auto-import...
[2025-12-21 11:07:03] Pull failed: failed to get current branch: exit status 128
[2025-12-21 11:07:23] Git HEAD change detected: /Users/steveklabnik/Code/rue/work/.git/HEAD
[2025-12-21 11:07:24] Import triggered by file change
[2025-12-21 11:07:24] Starting auto-import...
[2025-12-21 11:07:24] JSONL content changed, proceeding with auto-import...
[2025-12-21 11:07:24] Pull failed: failed to get current branch: exit status 128
[2025-12-21 11:09:40] Mutation detected: update tree1-i23
[2025-12-21 11:09:41] Export triggered by mutation events
[2025-12-21 11:09:41] Starting export...
[2025-12-21 11:09:41] Pre-export validation failed: refusing to export: JSONL content has changed since last import (import first to avoid data loss)
[2025-12-21 11:27:35] Mutation detected: update tree1-i23
[2025-12-21 11:27:35] Export triggered by mutation events
[2025-12-21 11:27:35] Starting export...
[2025-12-21 11:27:35] Pre-export validation failed: refusing to export: JSONL content has changed since last import (import first to avoid data loss)
[2025-12-21 11:35:01] Git HEAD change detected: /Users/steveklabnik/Code/rue/work/.git/HEAD
[2025-12-21 11:35:02] Import triggered by file change
[2025-12-21 11:35:02] Starting auto-import...
[2025-12-21 11:35:02] JSONL content changed, proceeding with auto-import...
[2025-12-21 11:35:02] Pull failed: failed to get current branch: exit status 128
[2025-12-21 11:37:06] Git HEAD change detected: /Users/steveklabnik/Code/rue/work/.git/HEAD
[2025-12-21 11:37:06] JSONL removed/renamed, re-establishing watch
[2025-12-21 11:37:06] Successfully re-established JSONL watch after 50ms
[2025-12-21 11:37:06] JSONL file created: /Users/steveklabnik/Code/rue/work/.beads/issues.jsonl
[2025-12-21 11:37:07] Import triggered by file change
[2025-12-21 11:37:07] Starting auto-import...
[2025-12-21 11:37:07] JSONL content changed, proceeding with auto-import...
[2025-12-21 11:37:07] File change detected: /Users/steveklabnik/Code/rue/work/.beads/issues.jsonl (op: CHMOD)
[2025-12-21 11:37:07] Pull failed: failed to get current branch: exit status 128
[2025-12-21 11:37:08] Import triggered by file change
[2025-12-21 11:37:08] Starting auto-import...
[2025-12-21 11:37:08] JSONL content changed, proceeding with auto-import...
[2025-12-21 11:37:08] Pull failed: failed to get current branch: exit status 128
[2025-12-21 11:37:25] Git HEAD change detected: /Users/steveklabnik/Code/rue/work/.git/HEAD
[2025-12-21 11:37:26] Import triggered by file change
[2025-12-21 11:37:26] Starting auto-import...
[2025-12-21 11:37:26] JSONL content changed, proceeding with auto-import...
[2025-12-21 11:37:26] Pull failed: failed to get current branch: exit status 128
[2025-12-21 12:28:35] Git HEAD change detected: /Users/steveklabnik/Code/rue/work/.git/HEAD
[2025-12-21 12:28:36] Import triggered by file change
[2025-12-21 12:28:36] Starting auto-import...
[2025-12-21 12:28:36] JSONL content changed, proceeding with auto-import...
[2025-12-21 12:28:36] Pull failed: failed to get current branch: exit status 128
[2025-12-21 12:28:36] Git HEAD change detected: /Users/steveklabnik/Code/rue/work/.git/HEAD
[2025-12-21 12:28:36] JSONL removed/renamed, re-establishing watch
[2025-12-21 12:28:36] Successfully re-established JSONL watch after 50ms
[2025-12-21 12:28:36] JSONL file created: /Users/steveklabnik/Code/rue/work/.beads/issues.jsonl
[2025-12-21 12:28:38] Import triggered by file change
[2025-12-21 12:28:38] Starting auto-import...
[2025-12-21 12:28:38] JSONL content changed, proceeding with auto-import...
[2025-12-21 12:28:38] File change detected: /Users/steveklabnik/Code/rue/work/.beads/issues.jsonl (op: CHMOD)
[2025-12-21 12:28:38] Pull failed: failed to get current branch: exit status 128
[2025-12-21 12:28:39] Import triggered by file change
[2025-12-21 12:28:39] Starting auto-import...
[2025-12-21 12:28:39] JSONL content changed, proceeding with auto-import...
[2025-12-21 12:28:39] Pull failed: failed to get current branch: exit status 128
[2025-12-21 12:49:22] Mutation detected: update tree2-0dm
[2025-12-21 12:49:22] Export triggered by mutation events
[2025-12-21 12:49:22] Starting export...
[2025-12-21 12:49:22] Exported to JSONL
[2025-12-21 12:49:22] JSONL removed/renamed, re-establishing watch
[2025-12-21 12:49:22] Export complete
[2025-12-21 12:49:22] Successfully re-established JSONL watch after 50ms
[2025-12-21 12:49:22] JSONL file created: /Users/steveklabnik/Code/rue/work/.beads/issues.jsonl
[2025-12-21 12:49:23] Import triggered by file change
[2025-12-21 12:49:23] Starting auto-import...
[2025-12-21 12:49:23] Skipping auto-import: JSONL content unchanged
[2025-12-21 12:58:24] Mutation detected: create tree1-0of
[2025-12-21 12:58:25] Export triggered by mutation events
[2025-12-21 12:58:25] Starting export...
[2025-12-21 12:58:25] Exported to JSONL
[2025-12-21 12:58:25] JSONL removed/renamed, re-establishing watch
[2025-12-21 12:58:25] Export complete
[2025-12-21 12:58:25] Successfully re-established JSONL watch after 50ms
[2025-12-21 12:58:25] JSONL file created: /Users/steveklabnik/Code/rue/work/.beads/issues.jsonl
[2025-12-21 12:58:26] Import triggered by file change
[2025-12-21 12:58:26] Starting auto-import...
[2025-12-21 12:58:26] Skipping auto-import: JSONL content unchanged
[2025-12-21 13:00:06] Git HEAD change detected: /Users/steveklabnik/Code/rue/work/.git/HEAD
[2025-12-21 13:00:07] Import triggered by file change
[2025-12-21 13:00:07] Starting auto-import...
[2025-12-21 13:00:07] Skipping auto-import: JSONL content unchanged
[2025-12-21 13:01:18] File change detected: /Users/steveklabnik/Code/rue/work/.beads/issues.jsonl (op: CHMOD)
[2025-12-21 13:01:19] Import triggered by file change
[2025-12-21 13:01:19] Starting auto-import...
[2025-12-21 13:01:19] Skipping auto-import: JSONL content unchanged
[2025-12-21 13:01:23] File change detected: /Users/steveklabnik/Code/rue/work/.beads/issues.jsonl (op: CHMOD)
[2025-12-21 13:01:24] Import triggered by file change
[2025-12-21 13:01:24] Starting auto-import...
[2025-12-21 13:01:24] Skipping auto-import: JSONL content unchanged
[2025-12-21 13:01:43] File change detected: /Users/steveklabnik/Code/rue/work/.beads/issues.jsonl (op: CHMOD)
[2025-12-21 13:01:44] Import triggered by file change
[2025-12-21 13:01:44] Starting auto-import...
[2025-12-21 13:01:44] Skipping auto-import: JSONL content unchanged
[2025-12-21 13:04:52] File change detected: /Users/steveklabnik/Code/rue/work/.beads/issues.jsonl (op: CHMOD)
[2025-12-21 13:04:53] Import triggered by file change
[2025-12-21 13:04:53] Starting auto-import...
[2025-12-21 13:04:53] Skipping auto-import: JSONL content unchanged
[2025-12-21 13:04:58] File change detected: /Users/steveklabnik/Code/rue/work/.beads/issues.jsonl (op: CHMOD)
[2025-12-21 13:04:59] Import triggered by file change
[2025-12-21 13:04:59] Starting auto-import...
[2025-12-21 13:04:59] Skipping auto-import: JSONL content unchanged
[2025-12-21 13:06:04] File change detected: /Users/steveklabnik/Code/rue/work/.beads/issues.jsonl (op: CHMOD)
[2025-12-21 13:06:05] Import triggered by file change
[2025-12-21 13:06:05] Starting auto-import...
[2025-12-21 13:06:05] Skipping auto-import: JSONL content unchanged
[2025-12-21 13:06:09] File change detected: /Users/steveklabnik/Code/rue/work/.beads/issues.jsonl (op: CHMOD)
[2025-12-21 13:06:10] Import triggered by file change
[2025-12-21 13:06:10] Starting auto-import...
[2025-12-21 13:06:10] Skipping auto-import: JSONL content unchanged
[2025-12-21 13:06:14] Git HEAD change detected: /Users/steveklabnik/Code/rue/work/.git/HEAD
[2025-12-21 13:06:15] Import triggered by file change
[2025-12-21 13:06:15] Starting auto-import...
[2025-12-21 13:06:15] Skipping auto-import: JSONL content unchanged
[2025-12-21 13:06:15] File change detected: /Users/steveklabnik/Code/rue/work/.beads/issues.jsonl (op: CHMOD)
[2025-12-21 13:06:16] Import triggered by file change
[2025-12-21 13:06:16] Starting auto-import...
[2025-12-21 13:06:16] Skipping auto-import: JSONL content unchanged
[2025-12-21 13:06:31] File change detected: /Users/steveklabnik/Code/rue/work/.beads/issues.jsonl (op: CHMOD)
[2025-12-21 13:06:32] Import triggered by file change
[2025-12-21 13:06:32] Starting auto-import...
[2025-12-21 13:06:32] Skipping auto-import: JSONL content unchanged
[2025-12-21 13:06:34] Git HEAD change detected: /Users/steveklabnik/Code/rue/work/.git/HEAD
[2025-12-21 13:06:35] Import triggered by file change
[2025-12-21 13:06:35] Starting auto-import...
[2025-12-21 13:06:35] Skipping auto-import: JSONL content unchanged
[2025-12-21 13:06:36] File change detected: /Users/steveklabnik/Code/rue/work/.beads/issues.jsonl (op: CHMOD)
[2025-12-21 13:06:37] Import triggered by file change
[2025-12-21 13:06:37] Starting auto-import...
[2025-12-21 13:06:37] Skipping auto-import: JSONL content unchanged
[2025-12-21 13:09:16] File change detected: /Users/steveklabnik/Code/rue/work/.beads/issues.jsonl (op: CHMOD)
[2025-12-21 13:09:17] Import triggered by file change
[2025-12-21 13:09:17] Starting auto-import...
[2025-12-21 13:09:17] Skipping auto-import: JSONL content unchanged
[2025-12-21 13:09:30] File change detected: /Users/steveklabnik/Code/rue/work/.beads/issues.jsonl (op: CHMOD)
[2025-12-21 13:09:31] Import triggered by file change
[2025-12-21 13:09:31] Starting auto-import...
[2025-12-21 13:09:31] Skipping auto-import: JSONL content unchanged
[2025-12-21 13:09:59] File change detected: /Users/steveklabnik/Code/rue/work/.beads/issues.jsonl (op: CHMOD)
[2025-12-21 13:10:00] Import triggered by file change
[2025-12-21 13:10:00] Starting auto-import...
[2025-12-21 13:10:00] Skipping auto-import: JSONL content unchanged
[2025-12-21 13:10:05] File change detected: /Users/steveklabnik/Code/rue/work/.beads/issues.jsonl (op: CHMOD)
[2025-12-21 13:10:06] Import triggered by file change
[2025-12-21 13:10:06] Starting auto-import...
[2025-12-21 13:10:06] Skipping auto-import: JSONL content unchanged
[2025-12-21 13:10:39] File change detected: /Users/steveklabnik/Code/rue/work/.beads/issues.jsonl (op: CHMOD)
[2025-12-21 13:10:40] Import triggered by file change
[2025-12-21 13:10:40] Starting auto-import...
[2025-12-21 13:10:40] Skipping auto-import: JSONL content unchanged
[2025-12-21 13:10:47] Git HEAD change detected: /Users/steveklabnik/Code/rue/work/.git/HEAD
[2025-12-21 13:10:48] Import triggered by file change
[2025-12-21 13:10:48] Starting auto-import...
[2025-12-21 13:10:48] Skipping auto-import: JSONL content unchanged
[2025-12-21 13:10:48] File change detected: /Users/steveklabnik/Code/rue/work/.beads/issues.jsonl (op: CHMOD)
[2025-12-21 13:10:49] Import triggered by file change
[2025-12-21 13:10:49] Starting auto-import...
[2025-12-21 13:10:49] Skipping auto-import: JSONL content unchanged
[2025-12-21 13:10:53] File change detected: /Users/steveklabnik/Code/rue/work/.beads/issues.jsonl (op: CHMOD)
[2025-12-21 13:10:54] Import triggered by file change
[2025-12-21 13:10:54] Starting auto-import...
[2025-12-21 13:10:54] Skipping auto-import: JSONL content unchanged
[2025-12-21 13:11:33] File change detected: /Users/steveklabnik/Code/rue/work/.beads/issues.jsonl (op: CHMOD)
[2025-12-21 13:11:34] Import triggered by file change
[2025-12-21 13:11:34] Starting auto-import...
[2025-12-21 13:11:34] Skipping auto-import: JSONL content unchanged
[2025-12-21 13:11:39] File change detected: /Users/steveklabnik/Code/rue/work/.beads/issues.jsonl (op: CHMOD)
[2025-12-21 13:11:40] Import triggered by file change
[2025-12-21 13:11:40] Starting auto-import...
[2025-12-21 13:11:40] Skipping auto-import: JSONL content unchanged
[2025-12-21 13:11:41] Git HEAD change detected: /Users/steveklabnik/Code/rue/work/.git/HEAD
[2025-12-21 13:11:42] Import triggered by file change
[2025-12-21 13:11:42] Starting auto-import...
[2025-12-21 13:11:42] Skipping auto-import: JSONL content unchanged
[2025-12-21 13:18:33] File change detected: /Users/steveklabnik/Code/rue/work/.beads/issues.jsonl (op: CHMOD)
[2025-12-21 13:18:34] Import triggered by file change
[2025-12-21 13:18:34] Starting auto-import...
[2025-12-21 13:18:34] Skipping auto-import: JSONL content unchanged
[2025-12-21 13:18:38] File change detected: /Users/steveklabnik/Code/rue/work/.beads/issues.jsonl (op: CHMOD)
[2025-12-21 13:18:39] Import triggered by file change
[2025-12-21 13:18:39] Starting auto-import...
[2025-12-21 13:18:39] Skipping auto-import: JSONL content unchanged
[2025-12-21 13:18:43] File change detected: /Users/steveklabnik/Code/rue/work/.beads/issues.jsonl (op: CHMOD)
[2025-12-21 13:18:44] Import triggered by file change
[2025-12-21 13:18:44] Starting auto-import...
[2025-12-21 13:18:44] Skipping auto-import: JSONL content unchanged
[2025-12-21 13:18:48] File change detected: /Users/steveklabnik/Code/rue/work/.beads/issues.jsonl (op: CHMOD)
[2025-12-21 13:18:49] Import triggered by file change
[2025-12-21 13:18:49] Starting auto-import...
[2025-12-21 13:18:49] Skipping auto-import: JSONL content unchanged
[2025-12-21 13:19:06] File change detected: /Users/steveklabnik/Code/rue/work/.beads/issues.jsonl (op: CHMOD)
[2025-12-21 13:19:07] Git HEAD change detected: /Users/steveklabnik/Code/rue/work/.git/HEAD
[2025-12-21 13:19:07] Import triggered by file change
[2025-12-21 13:19:07] Starting auto-import...
[2025-12-21 13:19:07] Skipping auto-import: JSONL content unchanged
[2025-12-21 13:19:08] Import triggered by file change
[2025-12-21 13:19:08] Starting auto-import...
[2025-12-21 13:19:08] Skipping auto-import: JSONL content unchanged
[2025-12-21 13:19:11] File change detected: /Users/steveklabnik/Code/rue/work/.beads/issues.jsonl (op: CHMOD)
[2025-12-21 13:19:12] Import triggered by file change
[2025-12-21 13:19:12] Starting auto-import...
[2025-12-21 13:19:12] Skipping auto-import: JSONL content unchanged
[2025-12-21 13:19:16] File change detected: /Users/steveklabnik/Code/rue/work/.beads/issues.jsonl (op: CHMOD)
[2025-12-21 13:19:17] Import triggered by file change
[2025-12-21 13:19:17] Starting auto-import...
[2025-12-21 13:19:17] Skipping auto-import: JSONL content unchanged
[2025-12-21 13:22:43] File change detected: /Users/steveklabnik/Code/rue/work/.beads/issues.jsonl (op: CHMOD)
[2025-12-21 13:22:44] Import triggered by file change
[2025-12-21 13:22:44] Starting auto-import...
[2025-12-21 13:22:44] Skipping auto-import: JSONL content unchanged
[2025-12-21 13:22:47] File change detected: /Users/steveklabnik/Code/rue/work/.beads/issues.jsonl (op: CHMOD)
[2025-12-21 13:22:48] Import triggered by file change
[2025-12-21 13:22:48] Starting auto-import...
[2025-12-21 13:22:48] Skipping auto-import: JSONL content unchanged
[2025-12-21 13:22:49] Git HEAD change detected: /Users/steveklabnik/Code/rue/work/.git/HEAD
[2025-12-21 13:22:49] JSONL removed/renamed, re-establishing watch
[2025-12-21 13:22:49] Successfully re-established JSONL watch after 50ms
[2025-12-21 13:22:49] JSONL file created: /Users/steveklabnik/Code/rue/work/.beads/issues.jsonl
[2025-12-21 13:22:50] Import triggered by file change
[2025-12-21 13:22:50] Starting auto-import...
[2025-12-21 13:22:50] JSONL content changed, proceeding with auto-import...
[2025-12-21 13:22:50] File change detected: /Users/steveklabnik/Code/rue/work/.beads/issues.jsonl (op: CHMOD)
[2025-12-21 13:22:50] Pull failed: failed to get current branch: exit status 128
[2025-12-21 13:22:51] Import triggered by file change
[2025-12-21 13:22:51] Starting auto-import...
[2025-12-21 13:22:51] JSONL content changed, proceeding with auto-import...
[2025-12-21 13:22:51] Pull failed: failed to get current branch: exit status 128
[2025-12-21 13:37:37] Git HEAD change detected: /Users/steveklabnik/Code/rue/work/.git/HEAD
[2025-12-21 13:37:38] Import triggered by file change
[2025-12-21 13:37:38] Starting auto-import...
[2025-12-21 13:37:38] Skipping auto-import: JSONL content unchanged
[2025-12-21 13:46:28] Git HEAD change detected: /Users/steveklabnik/Code/rue/work/.git/HEAD
[2025-12-21 13:46:29] Import triggered by file change
[2025-12-21 13:46:29] Starting auto-import...
[2025-12-21 13:46:29] Skipping auto-import: JSONL content unchanged
[2025-12-21 13:46:40] Git HEAD change detected: /Users/steveklabnik/Code/rue/work/.git/HEAD
[2025-12-21 13:46:41] Import triggered by file change
[2025-12-21 13:46:41] Starting auto-import...
[2025-12-21 13:46:41] Skipping auto-import: JSONL content unchanged
[2025-12-21 14:48:08] Git HEAD change detected: /Users/steveklabnik/Code/rue/work/.git/HEAD
[2025-12-21 14:48:09] Import triggered by file change
[2025-12-21 14:48:09] Starting auto-import...
[2025-12-21 14:48:09] Skipping auto-import: JSONL content unchanged
[2025-12-21 14:48:10] Git HEAD change detected: /Users/steveklabnik/Code/rue/work/.git/HEAD
[2025-12-21 14:48:10] JSONL removed/renamed, re-establishing watch
[2025-12-21 14:48:10] Successfully re-established JSONL watch after 50ms
[2025-12-21 14:48:10] JSONL file created: /Users/steveklabnik/Code/rue/work/.beads/issues.jsonl
[2025-12-21 14:48:11] File change detected: /Users/steveklabnik/Code/rue/work/.beads/issues.jsonl (op: CHMOD)
[2025-12-21 14:48:11] Import triggered by file change
[2025-12-21 14:48:11] Starting auto-import...
[2025-12-21 14:48:11] JSONL content changed, proceeding with auto-import...
[2025-12-21 14:48:11] File change detected: /Users/steveklabnik/Code/rue/work/.beads/issues.jsonl (op: CHMOD)
[2025-12-21 14:48:11] Pull failed: failed to get current branch: exit status 128
[2025-12-21 14:48:12] Import triggered by file change
[2025-12-21 14:48:12] Starting auto-import...
[2025-12-21 14:48:12] JSONL content changed, proceeding with auto-import...
[2025-12-21 14:48:12] Pull failed: failed to get current branch: exit status 128
[2025-12-21 14:53:48] Mutation detected: update tree2-t2m
[2025-12-21 14:53:48] Export triggered by mutation events
[2025-12-21 14:53:48] Starting export...
[2025-12-21 14:53:48] Exported to JSONL
[2025-12-21 14:53:48] JSONL removed/renamed, re-establishing watch
[2025-12-21 14:53:48] Export complete
[2025-12-21 14:53:48] Successfully re-established JSONL watch after 50ms
[2025-12-21 14:53:48] JSONL file created: /Users/steveklabnik/Code/rue/work/.beads/issues.jsonl
[2025-12-21 14:53:49] Import triggered by file change
[2025-12-21 14:53:49] Starting auto-import...
[2025-12-21 14:53:49] Skipping auto-import: JSONL content unchanged
[2025-12-21 14:56:07] Mutation detected: update tree2-t2m
[2025-12-21 14:56:07] Export triggered by mutation events
[2025-12-21 14:56:07] Starting export...
[2025-12-21 14:56:07] Exported to JSONL
[2025-12-21 14:56:07] JSONL removed/renamed, re-establishing watch
[2025-12-21 14:56:07] Export complete
[2025-12-21 14:56:07] Successfully re-established JSONL watch after 50ms
[2025-12-21 14:56:07] JSONL file created: /Users/steveklabnik/Code/rue/work/.beads/issues.jsonl
[2025-12-21 14:56:08] Import triggered by file change
[2025-12-21 14:56:08] Starting auto-import...
[2025-12-21 14:56:08] Skipping auto-import: JSONL content unchanged
[2025-12-21 15:03:48] Mutation detected: update tree1-0v3
[2025-12-21 15:03:49] Export triggered by mutation events
[2025-12-21 15:03:49] Starting export...
[2025-12-21 15:03:49] Exported to JSONL
[2025-12-21 15:03:49] JSONL removed/renamed, re-establishing watch
[2025-12-21 15:03:49] Export complete
[2025-12-21 15:03:49] Successfully re-established JSONL watch after 50ms
[2025-12-21 15:03:49] JSONL file created: /Users/steveklabnik/Code/rue/work/.beads/issues.jsonl
[2025-12-21 15:03:49] Mutation detected: update tree1-11y
[2025-12-21 15:03:49] Export triggered by mutation events
[2025-12-21 15:03:49] Starting export...
[2025-12-21 15:03:49] Exported to JSONL
[2025-12-21 15:03:49] JSONL removed/renamed, re-establishing watch
[2025-12-21 15:03:49] Export complete
[2025-12-21 15:03:50] Successfully re-established JSONL watch after 50ms
[2025-12-21 15:03:50] JSONL file created: /Users/steveklabnik/Code/rue/work/.beads/issues.jsonl
[2025-12-21 15:03:50] Import triggered by file change
[2025-12-21 15:03:50] Starting auto-import...
[2025-12-21 15:03:50] Skipping auto-import: JSONL content unchanged
[2025-12-21 15:03:50] Mutation detected: update tree2-y54
[2025-12-21 15:03:50] Export triggered by mutation events
[2025-12-21 15:03:50] Starting export...
[2025-12-21 15:03:50] Exported to JSONL
[2025-12-21 15:03:50] JSONL removed/renamed, re-establishing watch
[2025-12-21 15:03:50] Export complete
[2025-12-21 15:03:51] Successfully re-established JSONL watch after 50ms
[2025-12-21 15:03:51] JSONL file created: /Users/steveklabnik/Code/rue/work/.beads/issues.jsonl
[2025-12-21 15:03:51] Import triggered by file change
[2025-12-21 15:03:51] Starting auto-import...
[2025-12-21 15:03:51] Skipping auto-import: JSONL content unchanged
[2025-12-21 15:03:52] Import triggered by file change
[2025-12-21 15:03:52] Starting auto-import...
[2025-12-21 15:03:52] Skipping auto-import: JSONL content unchanged
[2025-12-21 15:04:12] Mutation detected: update tree2-6fq
[2025-12-21 15:04:13] Export triggered by mutation events
[2025-12-21 15:04:13] Starting export...
[2025-12-21 15:04:13] Exported to JSONL
[2025-12-21 15:04:13] JSONL removed/renamed, re-establishing watch
[2025-12-21 15:04:13] Export complete
[2025-12-21 15:04:13] Successfully re-established JSONL watch after 50ms
[2025-12-21 15:04:13] JSONL file created: /Users/steveklabnik/Code/rue/work/.beads/issues.jsonl
[2025-12-21 15:04:14] Import triggered by file change
[2025-12-21 15:04:14] Starting auto-import...
[2025-12-21 15:04:14] Skipping auto-import: JSONL content unchanged
[2025-12-21 15:04:39] Git HEAD change detected: /Users/steveklabnik/Code/rue/work/.git/HEAD
[2025-12-21 15:04:40] Import triggered by file change
[2025-12-21 15:04:40] Starting auto-import...
[2025-12-21 15:04:40] Skipping auto-import: JSONL content unchanged
[2025-12-21 15:05:00] File change detected: /Users/steveklabnik/Code/rue/work/.beads/issues.jsonl (op: CHMOD)
[2025-12-21 15:05:01] Import triggered by file change
[2025-12-21 15:05:01] Starting auto-import...
[2025-12-21 15:05:01] Skipping auto-import: JSONL content unchanged
[2025-12-21 15:05:05] File change detected: /Users/steveklabnik/Code/rue/work/.beads/issues.jsonl (op: CHMOD)
[2025-12-21 15:05:06] Import triggered by file change
[2025-12-21 15:05:06] Starting auto-import...
[2025-12-21 15:05:06] Skipping auto-import: JSONL content unchanged
[2025-12-21 15:05:10] File change detected: /Users/steveklabnik/Code/rue/work/.beads/issues.jsonl (op: CHMOD)
[2025-12-21 15:05:11] Import triggered by file change
[2025-12-21 15:05:11] Starting auto-import...
[2025-12-21 15:05:11] Skipping auto-import: JSONL content unchanged
[2025-12-21 15:05:34] File change detected: /Users/steveklabnik/Code/rue/work/.beads/issues.jsonl (op: CHMOD)
[2025-12-21 15:05:35] Import triggered by file change
[2025-12-21 15:05:35] Starting auto-import...
[2025-12-21 15:05:35] Skipping auto-import: JSONL content unchanged
[2025-12-21 15:08:18] File change detected: /Users/steveklabnik/Code/rue/work/.beads/issues.jsonl (op: CHMOD)
[2025-12-21 15:08:19] Import triggered by file change
[2025-12-21 15:08:19] Starting auto-import...
[2025-12-21 15:08:19] Skipping auto-import: JSONL content unchanged
[2025-12-21 15:09:45] File change detected: /Users/steveklabnik/Code/rue/work/.beads/issues.jsonl (op: CHMOD)
[2025-12-21 15:09:46] Import triggered by file change
[2025-12-21 15:09:46] Starting auto-import...
[2025-12-21 15:09:46] Skipping auto-import: JSONL content unchanged
[2025-12-21 15:10:00] File change detected: /Users/steveklabnik/Code/rue/work/.beads/issues.jsonl (op: CHMOD)
[2025-12-21 15:10:01] Import triggered by file change
[2025-12-21 15:10:01] Starting auto-import...
[2025-12-21 15:10:01] Skipping auto-import: JSONL content unchanged
[2025-12-21 15:13:04] Mutation detected: update tree1-du7
[2025-12-21 15:13:04] Export triggered by mutation events
[2025-12-21 15:13:04] Starting export...
[2025-12-21 15:13:04] Exported to JSONL
[2025-12-21 15:13:04] JSONL removed/renamed, re-establishing watch
[2025-12-21 15:13:04] Export complete
[2025-12-21 15:13:04] Successfully re-established JSONL watch after 50ms
[2025-12-21 15:13:04] JSONL file created: /Users/steveklabnik/Code/rue/work/.beads/issues.jsonl
[2025-12-21 15:13:05] Import triggered by file change
[2025-12-21 15:13:05] Starting auto-import...
[2025-12-21 15:13:05] Skipping auto-import: JSONL content unchanged
[2025-12-21 15:19:14] Mutation detected: update tree1-du7
[2025-12-21 15:19:15] Export triggered by mutation events
[2025-12-21 15:19:15] Starting export...
[2025-12-21 15:19:15] Exported to JSONL
[2025-12-21 15:19:15] JSONL removed/renamed, re-establishing watch
[2025-12-21 15:19:15] Export complete
[2025-12-21 15:19:15] Successfully re-established JSONL watch after 50ms
[2025-12-21 15:19:15] JSONL file created: /Users/steveklabnik/Code/rue/work/.beads/issues.jsonl
[2025-12-21 15:19:16] Import triggered by file change
[2025-12-21 15:19:16] Starting auto-import...
[2025-12-21 15:19:16] Skipping auto-import: JSONL content unchanged
[2025-12-21 15:27:01] Mutation detected: create tree1-3o2
[2025-12-21 15:27:02] Export triggered by mutation events
[2025-12-21 15:27:02] Starting export...
[2025-12-21 15:27:02] Exported to JSONL
[2025-12-21 15:27:02] JSONL removed/renamed, re-establishing watch
[2025-12-21 15:27:02] Export complete
[2025-12-21 15:27:02] Successfully re-established JSONL watch after 50ms
[2025-12-21 15:27:02] JSONL file created: /Users/steveklabnik/Code/rue/work/.beads/issues.jsonl
[2025-12-21 15:27:03] Import triggered by file change
[2025-12-21 15:27:03] Starting auto-import...
[2025-12-21 15:27:03] Skipping auto-import: JSONL content unchanged
[2025-12-21 15:27:09] Mutation detected: update tree1-3o2
[2025-12-21 15:27:09] Export triggered by mutation events
[2025-12-21 15:27:09] Starting export...
[2025-12-21 15:27:09] Exported to JSONL
[2025-12-21 15:27:09] JSONL removed/renamed, re-establishing watch
[2025-12-21 15:27:09] Export complete
[2025-12-21 15:27:09] Successfully re-established JSONL watch after 50ms
[2025-12-21 15:27:09] JSONL file created: /Users/steveklabnik/Code/rue/work/.beads/issues.jsonl
[2025-12-21 15:27:10] Import triggered by file change
[2025-12-21 15:27:10] Starting auto-import...
[2025-12-21 15:27:10] Skipping auto-import: JSONL content unchanged
[2025-12-21 15:27:55] Git HEAD change detected: /Users/steveklabnik/Code/rue/work/.git/HEAD
[2025-12-21 15:27:56] Import triggered by file change
[2025-12-21 15:27:56] Starting auto-import...
[2025-12-21 15:27:56] Skipping auto-import: JSONL content unchanged
[2025-12-21 15:28:35] File change detected: /Users/steveklabnik/Code/rue/work/.beads/issues.jsonl (op: CHMOD)
[2025-12-21 15:28:36] Import triggered by file change
[2025-12-21 15:28:36] Starting auto-import...
[2025-12-21 15:28:36] Skipping auto-import: JSONL content unchanged
[2025-12-21 15:28:40] File change detected: /Users/steveklabnik/Code/rue/work/.beads/issues.jsonl (op: CHMOD)
[2025-12-21 15:28:41] Import triggered by file change
[2025-12-21 15:28:41] Starting auto-import...
[2025-12-21 15:28:41] Skipping auto-import: JSONL content unchanged
[2025-12-21 15:28:45] Git HEAD change detected: /Users/steveklabnik/Code/rue/work/.git/HEAD
[2025-12-21 15:28:45] File change detected: /Users/steveklabnik/Code/rue/work/.beads/issues.jsonl (op: CHMOD)
[2025-12-21 15:28:46] Import triggered by file change
[2025-12-21 15:28:46] Starting auto-import...
[2025-12-21 15:28:46] Skipping auto-import: JSONL content unchanged
[2025-12-21 15:28:46] Import triggered by file change
[2025-12-21 15:28:46] Starting auto-import...
[2025-12-21 15:28:46] Skipping auto-import: JSONL content unchanged
[2025-12-21 15:28:52] File change detected: /Users/steveklabnik/Code/rue/work/.beads/issues.jsonl (op: CHMOD)
[2025-12-21 15:28:53] Import triggered by file change
[2025-12-21 15:28:53] Starting auto-import...
[2025-12-21 15:28:53] Skipping auto-import: JSONL content unchanged
[2025-12-21 15:28:57] File change detected: /Users/steveklabnik/Code/rue/work/.beads/issues.jsonl (op: CHMOD)
[2025-12-21 15:28:58] Import triggered by file change
[2025-12-21 15:28:58] Starting auto-import...
[2025-12-21 15:28:58] Skipping auto-import: JSONL content unchanged
[2025-12-21 15:29:04] File change detected: /Users/steveklabnik/Code/rue/work/.beads/issues.jsonl (op: CHMOD)
[2025-12-21 15:29:05] Import triggered by file change
[2025-12-21 15:29:05] Starting auto-import...
[2025-12-21 15:29:05] Skipping auto-import: JSONL content unchanged
[2025-12-21 15:29:09] File change detected: /Users/steveklabnik/Code/rue/work/.beads/issues.jsonl (op: CHMOD)
[2025-12-21 15:29:10] Import triggered by file change
[2025-12-21 15:29:10] Starting auto-import...
[2025-12-21 15:29:10] Skipping auto-import: JSONL content unchanged
[2025-12-21 15:29:15] Git HEAD change detected: /Users/steveklabnik/Code/rue/work/.git/HEAD
[2025-12-21 15:29:16] Import triggered by file change
[2025-12-21 15:29:16] Starting auto-import...
[2025-12-21 15:29:16] Skipping auto-import: JSONL content unchanged
[2025-12-21 15:29:16] File change detected: /Users/steveklabnik/Code/rue/work/.beads/issues.jsonl (op: CHMOD)
[2025-12-21 15:29:17] Import triggered by file change
[2025-12-21 15:29:17] Starting auto-import...
[2025-12-21 15:29:17] Skipping auto-import: JSONL content unchanged
[2025-12-21 15:29:28] File change detected: /Users/steveklabnik/Code/rue/work/.beads/issues.jsonl (op: CHMOD)
[2025-12-21 15:29:29] Import triggered by file change
[2025-12-21 15:29:29] Starting auto-import...
[2025-12-21 15:29:29] Skipping auto-import: JSONL content unchanged
[2025-12-21 15:29:43] File change detected: /Users/steveklabnik/Code/rue/work/.beads/issues.jsonl (op: CHMOD)
[2025-12-21 15:29:44] Import triggered by file change
[2025-12-21 15:29:44] Starting auto-import...
[2025-12-21 15:29:44] Skipping auto-import: JSONL content unchanged
[2025-12-21 15:29:48] File change detected: /Users/steveklabnik/Code/rue/work/.beads/issues.jsonl (op: CHMOD)
[2025-12-21 15:29:49] Git HEAD change detected: /Users/steveklabnik/Code/rue/work/.git/HEAD
[2025-12-21 15:29:49] JSONL removed/renamed, re-establishing watch
[2025-12-21 15:29:49] Import triggered by file change
[2025-12-21 15:29:49] Starting auto-import...
[2025-12-21 15:29:49] JSONL content changed, proceeding with auto-import...
[2025-12-21 15:29:49] Successfully re-established JSONL watch after 50ms
[2025-12-21 15:29:49] JSONL file created: /Users/steveklabnik/Code/rue/work/.beads/issues.jsonl
[2025-12-21 15:29:49] Pull failed: failed to get current branch: exit status 128
[2025-12-21 15:29:50] Import triggered by file change
[2025-12-21 15:29:50] Starting auto-import...
[2025-12-21 15:29:50] JSONL content changed, proceeding with auto-import...
[2025-12-21 15:29:50] File change detected: /Users/steveklabnik/Code/rue/work/.beads/issues.jsonl (op: CHMOD)
[2025-12-21 15:29:50] Pull failed: failed to get current branch: exit status 128
[2025-12-21 15:29:51] Import triggered by file change
[2025-12-21 15:29:51] Starting auto-import...
[2025-12-21 15:29:51] JSONL content changed, proceeding with auto-import...
[2025-12-21 15:29:51] Pull failed: failed to get current branch: exit status 128
[2025-12-21 15:35:50] Git HEAD change detected: /Users/steveklabnik/Code/rue/work/.git/HEAD
[2025-12-21 15:35:51] Import triggered by file change
[2025-12-21 15:35:51] Starting auto-import...
[2025-12-21 15:35:51] JSONL content changed, proceeding with auto-import...
[2025-12-21 15:35:51] Pull failed: failed to get current branch: exit status 128
[2025-12-21 15:38:53] Git HEAD change detected: /Users/steveklabnik/Code/rue/work/.git/HEAD
[2025-12-21 15:38:53] JSONL removed/renamed, re-establishing watch
[2025-12-21 15:38:53] Successfully re-established JSONL watch after 50ms
[2025-12-21 15:38:53] JSONL file created: /Users/steveklabnik/Code/rue/work/.beads/issues.jsonl
[2025-12-21 15:38:54] Import triggered by file change
[2025-12-21 15:38:54] Starting auto-import...
[2025-12-21 15:38:54] Skipping auto-import: JSONL content unchanged
[2025-12-21 15:38:54] File change detected: /Users/steveklabnik/Code/rue/work/.beads/issues.jsonl (op: CHMOD)
[2025-12-21 15:38:55] Import triggered by file change
[2025-12-21 15:38:55] Starting auto-import...
[2025-12-21 15:38:55] Skipping auto-import: JSONL content unchanged
[2025-12-21 15:38:57] File change detected: /Users/steveklabnik/Code/rue/work/.beads/issues.jsonl (op: CHMOD)
[2025-12-21 15:38:58] Import triggered by file change
[2025-12-21 15:38:58] Starting auto-import...
[2025-12-21 15:38:58] Skipping auto-import: JSONL content unchanged
[2025-12-21 16:02:28] Git HEAD change detected: /Users/steveklabnik/Code/rue/work/.git/HEAD
[2025-12-21 16:02:29] Import triggered by file change
[2025-12-21 16:02:29] Starting auto-import...
[2025-12-21 16:02:29] Skipping auto-import: JSONL content unchanged
[2025-12-21 16:04:44] JSONL removed/renamed, re-establishing watch
[2025-12-21 16:04:44] Successfully re-established JSONL watch after 50ms
[2025-12-21 16:04:44] JSONL file created: /Users/steveklabnik/Code/rue/work/.beads/issues.jsonl
[2025-12-21 16:04:45] Import triggered by file change
[2025-12-21 16:04:45] Starting auto-import...
[2025-12-21 16:04:45] JSONL content changed, proceeding with auto-import...
[2025-12-21 16:04:45] File change detected: /Users/steveklabnik/Code/rue/work/.beads/issues.jsonl (op: CHMOD)
[2025-12-21 16:04:45] ⚠️  WARNING: Uncommitted local changes detected in /Users/steveklabnik/Code/rue/work/.beads/issues.jsonl
[2025-12-21 16:04:45]    Pulling from remote may overwrite local unpushed changes.
[2025-12-21 16:04:45]    Consider running 'bd sync' to commit and push your changes first.
[2025-12-21 16:04:45] Pull failed: failed to get current branch: exit status 128
[2025-12-21 16:04:46] Import triggered by file change
[2025-12-21 16:04:46] Starting auto-import...
[2025-12-21 16:04:46] JSONL content changed, proceeding with auto-import...
[2025-12-21 16:04:46] ⚠️  WARNING: Uncommitted local changes detected in /Users/steveklabnik/Code/rue/work/.beads/issues.jsonl
[2025-12-21 16:04:46]    Pulling from remote may overwrite local unpushed changes.
[2025-12-21 16:04:46]    Consider running 'bd sync' to commit and push your changes first.
[2025-12-21 16:04:46] Pull failed: failed to get current branch: exit status 128
[2025-12-21 16:28:29] Mutation detected: create tree1-hp5
[2025-12-21 16:28:29] Export triggered by mutation events
[2025-12-21 16:28:29] Starting export...
[2025-12-21 16:28:29] Pre-export validation failed: refusing to export: JSONL content has changed since last import (import first to avoid data loss)
[2025-12-21 16:34:43] Git HEAD change detected: /Users/steveklabnik/Code/rue/work/.git/HEAD
[2025-12-21 16:34:44] Import triggered by file change
[2025-12-21 16:34:44] Starting auto-import...
[2025-12-21 16:34:44] JSONL content changed, proceeding with auto-import...
[2025-12-21 16:34:44] Pull failed: failed to get current branch: exit status 128
[2025-12-21 16:44:16] Git HEAD change detected: /Users/steveklabnik/Code/rue/work/.git/HEAD
[2025-12-21 16:44:17] Import triggered by file change
[2025-12-21 16:44:17] Starting auto-import...
[2025-12-21 16:44:17] JSONL content changed, proceeding with auto-import...
[2025-12-21 16:44:17] Pull failed: failed to get current branch: exit status 128
[2025-12-21 16:44:47] Git HEAD change detected: /Users/steveklabnik/Code/rue/work/.git/HEAD
[2025-12-21 16:44:48] Import triggered by file change
[2025-12-21 16:44:48] Starting auto-import...
[2025-12-21 16:44:48] JSONL content changed, proceeding with auto-import...
[2025-12-21 16:44:48] ⚠️  WARNING: Uncommitted local changes detected in /Users/steveklabnik/Code/rue/work/.beads/issues.jsonl
[2025-12-21 16:44:48]    Pulling from remote may overwrite local unpushed changes.
[2025-12-21 16:44:48]    Consider running 'bd sync' to commit and push your changes first.
[2025-12-21 16:44:48] Pull failed: failed to get current branch: exit status 128
[2025-12-21 16:45:29] Git HEAD change detected: /Users/steveklabnik/Code/rue/work/.git/HEAD
[2025-12-21 16:45:30] Import triggered by file change
[2025-12-21 16:45:30] Starting auto-import...
[2025-12-21 16:45:30] JSONL content changed, proceeding with auto-import...
[2025-12-21 16:45:30] Pull failed: failed to get current branch: exit status 128
[2025-12-21 16:54:12] Git HEAD change detected: /Users/steveklabnik/Code/rue/work/.git/HEAD
[2025-12-21 16:54:13] Import triggered by file change
[2025-12-21 16:54:13] Starting auto-import...
[2025-12-21 16:54:13] JSONL content changed, proceeding with auto-import...
[2025-12-21 16:54:13] Pull failed: failed to get current branch: exit status 128
[2025-12-21 16:55:05] Git HEAD change detected: /Users/steveklabnik/Code/rue/work/.git/HEAD
[2025-12-21 16:55:06] Import triggered by file change
[2025-12-21 16:55:06] Starting auto-import...
[2025-12-21 16:55:06] JSONL content changed, proceeding with auto-import...
[2025-12-21 16:55:06] Pull failed: failed to get current branch: exit status 128
[2025-12-21 17:09:01] Git HEAD change detected: /Users/steveklabnik/Code/rue/work/.git/HEAD
[2025-12-21 17:09:02] JSONL removed/renamed, re-establishing watch
[2025-12-21 17:09:02] Successfully re-established JSONL watch after 50ms
[2025-12-21 17:09:02] JSONL file created: /Users/steveklabnik/Code/rue/work/.beads/issues.jsonl
[2025-12-21 17:09:03] Import triggered by file change
[2025-12-21 17:09:03] Starting auto-import...
[2025-12-21 17:09:03] JSONL content changed, proceeding with auto-import...
[2025-12-21 17:09:03] File change detected: /Users/steveklabnik/Code/rue/work/.beads/issues.jsonl (op: CHMOD)
[2025-12-21 17:09:03] Pull failed: failed to get current branch: exit status 128
[2025-12-21 17:09:04] Import triggered by file change
[2025-12-21 17:09:04] Starting auto-import...
[2025-12-21 17:09:04] JSONL content changed, proceeding with auto-import...
[2025-12-21 17:09:04] Pull failed: failed to get current branch: exit status 128
[2025-12-21 17:32:21] Mutation detected: create tree1-qyx
[2025-12-21 17:32:21] Export triggered by mutation events
[2025-12-21 17:32:21] Starting export...
[2025-12-21 17:32:21] Exported to JSONL
[2025-12-21 17:32:21] JSONL removed/renamed, re-establishing watch
[2025-12-21 17:32:21] Export complete
[2025-12-21 17:32:22] Successfully re-established JSONL watch after 50ms
[2025-12-21 17:32:22] JSONL file created: /Users/steveklabnik/Code/rue/work/.beads/issues.jsonl
[2025-12-21 17:32:23] Import triggered by file change
[2025-12-21 17:32:23] Starting auto-import...
[2025-12-21 17:32:23] Skipping auto-import: JSONL content unchanged
[2025-12-21 17:32:33] Mutation detected: update tree1-qyx
[2025-12-21 17:32:33] Export triggered by mutation events
[2025-12-21 17:32:33] Starting export...
[2025-12-21 17:32:33] Exported to JSONL
[2025-12-21 17:32:33] JSONL removed/renamed, re-establishing watch
[2025-12-21 17:32:33] Export complete
[2025-12-21 17:32:33] Successfully re-established JSONL watch after 50ms
[2025-12-21 17:32:33] JSONL file created: /Users/steveklabnik/Code/rue/work/.beads/issues.jsonl
[2025-12-21 17:32:34] Import triggered by file change
[2025-12-21 17:32:34] Starting auto-import...
[2025-12-21 17:32:34] Skipping auto-import: JSONL content unchanged
[2025-12-21 17:32:43] Mutation detected: create tree1-qyx.1
[2025-12-21 17:32:43] Export triggered by mutation events
[2025-12-21 17:32:43] Starting export...
[2025-12-21 17:32:43] Exported to JSONL
[2025-12-21 17:32:43] JSONL removed/renamed, re-establishing watch
[2025-12-21 17:32:43] Export complete
[2025-12-21 17:32:43] Successfully re-established JSONL watch after 50ms
[2025-12-21 17:32:43] JSONL file created: /Users/steveklabnik/Code/rue/work/.beads/issues.jsonl
[2025-12-21 17:32:44] Import triggered by file change
[2025-12-21 17:32:44] Starting auto-import...
[2025-12-21 17:32:44] Skipping auto-import: JSONL content unchanged
[2025-12-21 17:32:50] Mutation detected: create tree1-qyx.2
[2025-12-21 17:32:50] Export triggered by mutation events
[2025-12-21 17:32:50] Starting export...
[2025-12-21 17:32:50] Exported to JSONL
[2025-12-21 17:32:50] JSONL removed/renamed, re-establishing watch
[2025-12-21 17:32:50] Export complete
[2025-12-21 17:32:50] Successfully re-established JSONL watch after 50ms
[2025-12-21 17:32:50] JSONL file created: /Users/steveklabnik/Code/rue/work/.beads/issues.jsonl
[2025-12-21 17:32:51] Import triggered by file change
[2025-12-21 17:32:51] Starting auto-import...
[2025-12-21 17:32:51] Skipping auto-import: JSONL content unchanged
[2025-12-21 17:32:59] Mutation detected: create tree1-qyx.3
[2025-12-21 17:33:00] Export triggered by mutation events
[2025-12-21 17:33:00] Starting export...
[2025-12-21 17:33:00] Exported to JSONL
[2025-12-21 17:33:00] JSONL removed/renamed, re-establishing watch
[2025-12-21 17:33:00] Export complete
[2025-12-21 17:33:00] Successfully re-established JSONL watch after 50ms
[2025-12-21 17:33:00] JSONL file created: /Users/steveklabnik/Code/rue/work/.beads/issues.jsonl
[2025-12-21 17:33:01] Import triggered by file change
[2025-12-21 17:33:01] Starting auto-import...
[2025-12-21 17:33:01] Skipping auto-import: JSONL content unchanged
[2025-12-21 17:34:52] Mutation detected: create tree1-qyx.4
[2025-12-21 17:34:53] Export triggered by mutation events
[2025-12-21 17:34:53] Starting export...
[2025-12-21 17:34:53] Exported to JSONL
[2025-12-21 17:34:53] JSONL removed/renamed, re-establishing watch
[2025-12-21 17:34:53] Export complete
[2025-12-21 17:34:53] Successfully re-established JSONL watch after 50ms
[2025-12-21 17:34:53] JSONL file created: /Users/steveklabnik/Code/rue/work/.beads/issues.jsonl
[2025-12-21 17:34:54] Import triggered by file change
[2025-12-21 17:34:54] Starting auto-import...
[2025-12-21 17:34:54] Skipping auto-import: JSONL content unchanged
[2025-12-21 17:35:01] Mutation detected: create tree1-qyx.5
[2025-12-21 17:35:02] Export triggered by mutation events
[2025-12-21 17:35:02] Starting export...
[2025-12-21 17:35:02] Exported to JSONL
[2025-12-21 17:35:02] JSONL removed/renamed, re-establishing watch
[2025-12-21 17:35:02] Export complete
[2025-12-21 17:35:02] Successfully re-established JSONL watch after 50ms
[2025-12-21 17:35:02] JSONL file created: /Users/steveklabnik/Code/rue/work/.beads/issues.jsonl
[2025-12-21 17:35:03] Import triggered by file change
[2025-12-21 17:35:03] Starting auto-import...
[2025-12-21 17:35:03] Skipping auto-import: JSONL content unchanged
[2025-12-21 17:35:11] Mutation detected: create tree1-qyx.6
[2025-12-21 17:35:12] Export triggered by mutation events
[2025-12-21 17:35:12] Starting export...
[2025-12-21 17:35:12] Exported to JSONL
[2025-12-21 17:35:12] JSONL removed/renamed, re-establishing watch
[2025-12-21 17:35:12] Export complete
[2025-12-21 17:35:12] Successfully re-established JSONL watch after 50ms
[2025-12-21 17:35:12] JSONL file created: /Users/steveklabnik/Code/rue/work/.beads/issues.jsonl
[2025-12-21 17:35:13] Import triggered by file change
[2025-12-21 17:35:13] Starting auto-import...
[2025-12-21 17:35:13] Skipping auto-import: JSONL content unchanged
[2025-12-21 17:35:20] Mutation detected: create tree1-qyx.7
[2025-12-21 17:35:20] Export triggered by mutation events
[2025-12-21 17:35:20] Starting export...
[2025-12-21 17:35:20] Exported to JSONL
[2025-12-21 17:35:20] JSONL removed/renamed, re-establishing watch
[2025-12-21 17:35:20] Export complete
[2025-12-21 17:35:20] Successfully re-established JSONL watch after 50ms
[2025-12-21 17:35:20] JSONL file created: /Users/steveklabnik/Code/rue/work/.beads/issues.jsonl
[2025-12-21 17:35:21] Import triggered by file change
[2025-12-21 17:35:21] Starting auto-import...
[2025-12-21 17:35:21] Skipping auto-import: JSONL content unchanged
[2025-12-21 17:35:32] Mutation detected: create tree1-qyx.8
[2025-12-21 17:35:32] Export triggered by mutation events
[2025-12-21 17:35:32] Starting export...
[2025-12-21 17:35:32] Exported to JSONL
[2025-12-21 17:35:32] JSONL removed/renamed, re-establishing watch
[2025-12-21 17:35:32] Export complete
[2025-12-21 17:35:32] Successfully re-established JSONL watch after 50ms
[2025-12-21 17:35:32] JSONL file created: /Users/steveklabnik/Code/rue/work/.beads/issues.jsonl
[2025-12-21 17:35:33] Import triggered by file change
[2025-12-21 17:35:33] Starting auto-import...
[2025-12-21 17:35:33] Skipping auto-import: JSONL content unchanged
[2025-12-21 17:35:44] Mutation detected: create tree1-qyx.9
[2025-12-21 17:35:44] Export triggered by mutation events
[2025-12-21 17:35:44] Starting export...
[2025-12-21 17:35:44] Exported to JSONL
[2025-12-21 17:35:44] JSONL removed/renamed, re-establishing watch
[2025-12-21 17:35:44] Export complete
[2025-12-21 17:35:44] Successfully re-established JSONL watch after 50ms
[2025-12-21 17:35:44] JSONL file created: /Users/steveklabnik/Code/rue/work/.beads/issues.jsonl
[2025-12-21 17:35:45] Import triggered by file change
[2025-12-21 17:35:45] Starting auto-import...
[2025-12-21 17:35:45] Skipping auto-import: JSONL content unchanged
[2025-12-21 17:35:54] Mutation detected: create tree1-qyx.10
[2025-12-21 17:35:54] Export triggered by mutation events
[2025-12-21 17:35:54] Starting export...
[2025-12-21 17:35:54] Exported to JSONL
[2025-12-21 17:35:54] JSONL removed/renamed, re-establishing watch
[2025-12-21 17:35:54] Export complete
[2025-12-21 17:35:54] Successfully re-established JSONL watch after 50ms
[2025-12-21 17:35:54] JSONL file created: /Users/steveklabnik/Code/rue/work/.beads/issues.jsonl
[2025-12-21 17:35:55] Import triggered by file change
[2025-12-21 17:35:55] Starting auto-import...
[2025-12-21 17:35:55] Skipping auto-import: JSONL content unchanged
[2025-12-21 17:36:01] Mutation detected: create tree1-qyx.11
[2025-12-21 17:36:01] Export triggered by mutation events
[2025-12-21 17:36:01] Starting export...
[2025-12-21 17:36:01] Exported to JSONL
[2025-12-21 17:36:01] JSONL removed/renamed, re-establishing watch
[2025-12-21 17:36:01] Export complete
[2025-12-21 17:36:01] Successfully re-established JSONL watch after 50ms
[2025-12-21 17:36:01] JSONL file created: /Users/steveklabnik/Code/rue/work/.beads/issues.jsonl
[2025-12-21 17:36:02] Import triggered by file change
[2025-12-21 17:36:02] Starting auto-import...
[2025-12-21 17:36:02] Skipping auto-import: JSONL content unchanged
[2025-12-21 17:36:10] Mutation detected: create tree1-qyx.12
[2025-12-21 17:36:11] Export triggered by mutation events
[2025-12-21 17:36:11] Starting export...
[2025-12-21 17:36:11] Exported to JSONL
[2025-12-21 17:36:11] JSONL removed/renamed, re-establishing watch
[2025-12-21 17:36:11] Export complete
[2025-12-21 17:36:11] Successfully re-established JSONL watch after 50ms
[2025-12-21 17:36:11] JSONL file created: /Users/steveklabnik/Code/rue/work/.beads/issues.jsonl
[2025-12-21 17:36:12] Import triggered by file change
[2025-12-21 17:36:12] Starting auto-import...
[2025-12-21 17:36:12] Skipping auto-import: JSONL content unchanged
[2025-12-21 17:36:18] Mutation detected: create tree1-qyx.13
[2025-12-21 17:36:18] Export triggered by mutation events
[2025-12-21 17:36:18] Starting export...
[2025-12-21 17:36:18] Exported to JSONL
[2025-12-21 17:36:18] JSONL removed/renamed, re-establishing watch
[2025-12-21 17:36:18] Export complete
[2025-12-21 17:36:18] Successfully re-established JSONL watch after 50ms
[2025-12-21 17:36:18] JSONL file created: /Users/steveklabnik/Code/rue/work/.beads/issues.jsonl
[2025-12-21 17:36:19] Import triggered by file change
[2025-12-21 17:36:19] Starting auto-import...
[2025-12-21 17:36:19] Skipping auto-import: JSONL content unchanged
[2025-12-21 17:36:26] Mutation detected: create tree1-qyx.14
[2025-12-21 17:36:27] Export triggered by mutation events
[2025-12-21 17:36:27] Starting export...
[2025-12-21 17:36:27] Exported to JSONL
[2025-12-21 17:36:27] JSONL removed/renamed, re-establishing watch
[2025-12-21 17:36:27] Export complete
[2025-12-21 17:36:27] Successfully re-established JSONL watch after 50ms
[2025-12-21 17:36:27] JSONL file created: /Users/steveklabnik/Code/rue/work/.beads/issues.jsonl
[2025-12-21 17:36:28] Import triggered by file change
[2025-12-21 17:36:28] Starting auto-import...
[2025-12-21 17:36:28] Skipping auto-import: JSONL content unchanged
[2025-12-21 17:36:35] Mutation detected: create tree1-qyx.15
[2025-12-21 17:36:36] Export triggered by mutation events
[2025-12-21 17:36:36] Starting export...
[2025-12-21 17:36:36] Exported to JSONL
[2025-12-21 17:36:36] JSONL removed/renamed, re-establishing watch
[2025-12-21 17:36:36] Export complete
[2025-12-21 17:36:36] Successfully re-established JSONL watch after 50ms
[2025-12-21 17:36:36] JSONL file created: /Users/steveklabnik/Code/rue/work/.beads/issues.jsonl
[2025-12-21 17:36:37] Import triggered by file change
[2025-12-21 17:36:37] Starting auto-import...
[2025-12-21 17:36:37] Skipping auto-import: JSONL content unchanged
[2025-12-21 17:37:10] Mutation detected: update tree1-qyx.4
[2025-12-21 17:37:10] Mutation detected: update tree1-qyx.4
[2025-12-21 17:37:10] Mutation detected: update tree1-qyx.5
[2025-12-21 17:37:10] Mutation detected: update tree1-qyx.5
[2025-12-21 17:37:10] Export triggered by mutation events
[2025-12-21 17:37:10] Starting export...
[2025-12-21 17:37:10] Exported to JSONL
[2025-12-21 17:37:10] JSONL removed/renamed, re-establishing watch
[2025-12-21 17:37:10] Export complete
[2025-12-21 17:37:11] Successfully re-established JSONL watch after 50ms
[2025-12-21 17:37:11] JSONL file created: /Users/steveklabnik/Code/rue/work/.beads/issues.jsonl
[2025-12-21 17:37:12] Import triggered by file change
[2025-12-21 17:37:12] Starting auto-import...
[2025-12-21 17:37:12] Skipping auto-import: JSONL content unchanged
[2025-12-21 17:37:18] Mutation detected: update tree1-qyx.10
[2025-12-21 17:37:18] Mutation detected: update tree1-qyx.10
[2025-12-21 17:37:18] Mutation detected: update tree1-qyx.10
[2025-12-21 17:37:19] Mutation detected: update tree1-qyx.11
[2025-12-21 17:37:19] Mutation detected: update tree1-qyx.11
[2025-12-21 17:37:19] Mutation detected: update tree1-qyx.11
[2025-12-21 17:37:19] Export triggered by mutation events
[2025-12-21 17:37:19] Starting export...
[2025-12-21 17:37:19] Exported to JSONL
[2025-12-21 17:37:19] JSONL removed/renamed, re-establishing watch
[2025-12-21 17:37:19] Export complete
[2025-12-21 17:37:19] Successfully re-established JSONL watch after 50ms
[2025-12-21 17:37:19] JSONL file created: /Users/steveklabnik/Code/rue/work/.beads/issues.jsonl
[2025-12-21 17:37:20] Import triggered by file change
[2025-12-21 17:37:20] Starting auto-import...
[2025-12-21 17:37:20] Skipping auto-import: JSONL content unchanged
[2025-12-21 17:37:26] Mutation detected: update tree1-qyx.12
[2025-12-21 17:37:26] Mutation detected: update tree1-qyx.12
[2025-12-21 17:37:26] Mutation detected: update tree1-qyx.12
[2025-12-21 17:37:27] Mutation detected: update tree1-qyx.13
[2025-12-21 17:37:27] Mutation detected: update tree1-qyx.13
[2025-12-21 17:37:27] Mutation detected: update tree1-qyx.13
[2025-12-21 17:37:27] Export triggered by mutation events
[2025-12-21 17:37:27] Starting export...
[2025-12-21 17:37:27] Exported to JSONL
[2025-12-21 17:37:27] JSONL removed/renamed, re-establishing watch
[2025-12-21 17:37:27] Export complete
[2025-12-21 17:37:27] Successfully re-established JSONL watch after 50ms
[2025-12-21 17:37:27] JSONL file created: /Users/steveklabnik/Code/rue/work/.beads/issues.jsonl
[2025-12-21 17:37:28] Import triggered by file change
[2025-12-21 17:37:28] Starting auto-import...
[2025-12-21 17:37:28] Skipping auto-import: JSONL content unchanged
[2025-12-21 17:37:34] Mutation detected: update tree1-qyx.15
[2025-12-21 17:37:34] Mutation detected: update tree1-qyx.15
[2025-12-21 17:37:34] Mutation detected: update tree1-qyx.15
[2025-12-21 17:37:34] Mutation detected: update tree1-qyx.15
[2025-12-21 17:37:34] Mutation detected: update tree1-qyx.15
[2025-12-21 17:37:34] Export triggered by mutation events
[2025-12-21 17:37:34] Starting export...
[2025-12-21 17:37:34] Exported to JSONL
[2025-12-21 17:37:34] JSONL removed/renamed, re-establishing watch
[2025-12-21 17:37:34] Export complete
[2025-12-21 17:37:35] Successfully re-established JSONL watch after 50ms
[2025-12-21 17:37:35] JSONL file created: /Users/steveklabnik/Code/rue/work/.beads/issues.jsonl
[2025-12-21 17:37:36] Import triggered by file change
[2025-12-21 17:37:36] Starting auto-import...
[2025-12-21 17:37:36] Skipping auto-import: JSONL content unchanged
[2025-12-21 17:42:08] Mutation detected: update tree1-qyx.8
[2025-12-21 17:42:09] Export triggered by mutation events
[2025-12-21 17:42:09] Starting export...
[2025-12-21 17:42:09] Exported to JSONL
[2025-12-21 17:42:09] JSONL removed/renamed, re-establishing watch
[2025-12-21 17:42:09] Export complete
[2025-12-21 17:42:09] Successfully re-established JSONL watch after 50ms
[2025-12-21 17:42:09] JSONL file created: /Users/steveklabnik/Code/rue/work/.beads/issues.jsonl
[2025-12-21 17:42:10] Import triggered by file change
[2025-12-21 17:42:10] Starting auto-import...
[2025-12-21 17:42:10] Skipping auto-import: JSONL content unchanged
[2025-12-21 17:43:09] Mutation detected: update tree1-qyx.9
[2025-12-21 17:43:09] Export triggered by mutation events
[2025-12-21 17:43:09] Starting export...
[2025-12-21 17:43:09] Exported to JSONL
[2025-12-21 17:43:09] JSONL removed/renamed, re-establishing watch
[2025-12-21 17:43:09] Export complete
[2025-12-21 17:43:09] Successfully re-established JSONL watch after 50ms
[2025-12-21 17:43:09] JSONL file created: /Users/steveklabnik/Code/rue/work/.beads/issues.jsonl
[2025-12-21 17:43:10] Import triggered by file change
[2025-12-21 17:43:10] Starting auto-import...
[2025-12-21 17:43:10] Skipping auto-import: JSONL content unchanged
[2025-12-21 17:45:47] Mutation detected: update tree1-qyx.3
[2025-12-21 17:45:47] Mutation detected: update tree1-qyx.6
[2025-12-21 17:45:47] Mutation detected: update tree1-qyx.7
[2025-12-21 17:45:47] Mutation detected: update tree1-qyx.8
[2025-12-21 17:45:47] Mutation detected: update tree1-qyx.9
[2025-12-21 17:45:48] Export triggered by mutation events
[2025-12-21 17:45:48] Starting export...
[2025-12-21 17:45:48] Exported to JSONL
[2025-12-21 17:45:48] JSONL removed/renamed, re-establishing watch
[2025-12-21 17:45:48] Export complete
[2025-12-21 17:45:48] Successfully re-established JSONL watch after 50ms
[2025-12-21 17:45:48] JSONL file created: /Users/steveklabnik/Code/rue/work/.beads/issues.jsonl
[2025-12-21 17:45:49] Import triggered by file change
[2025-12-21 17:45:49] Starting auto-import...
[2025-12-21 17:45:49] Skipping auto-import: JSONL content unchanged
[2025-12-21 17:51:24] Mutation detected: update tree1-qyx.1
[2025-12-21 17:51:24] Mutation detected: update tree1-qyx.2
[2025-12-21 17:51:25] Export triggered by mutation events
[2025-12-21 17:51:25] Starting export...
[2025-12-21 17:51:25] Exported to JSONL
[2025-12-21 17:51:25] JSONL removed/renamed, re-establishing watch
[2025-12-21 17:51:25] Export complete
[2025-12-21 17:51:25] Successfully re-established JSONL watch after 50ms
[2025-12-21 17:51:25] JSONL file created: /Users/steveklabnik/Code/rue/work/.beads/issues.jsonl
[2025-12-21 17:51:26] Import triggered by file change
[2025-12-21 17:51:26] Starting auto-import...
[2025-12-21 17:51:26] Skipping auto-import: JSONL content unchanged
[2025-12-21 17:56:06] Mutation detected: update tree1-qyx.10
[2025-12-21 17:56:06] Export triggered by mutation events
[2025-12-21 17:56:06] Starting export...
[2025-12-21 17:56:06] Exported to JSONL
[2025-12-21 17:56:06] JSONL removed/renamed, re-establishing watch
[2025-12-21 17:56:06] Export complete
[2025-12-21 17:56:06] Successfully re-established JSONL watch after 50ms
[2025-12-21 17:56:06] JSONL file created: /Users/steveklabnik/Code/rue/work/.beads/issues.jsonl
[2025-12-21 17:56:07] Import triggered by file change
[2025-12-21 17:56:07] Starting auto-import...
[2025-12-21 17:56:07] Skipping auto-import: JSONL content unchanged
[2025-12-21 17:56:22] Mutation detected: update tree1-qyx.14
[2025-12-21 17:56:23] Mutation detected: update tree1-qyx.13
[2025-12-21 17:56:23] Export triggered by mutation events
[2025-12-21 17:56:23] Starting export...
[2025-12-21 17:56:23] Exported to JSONL
[2025-12-21 17:56:23] JSONL removed/renamed, re-establishing watch
[2025-12-21 17:56:23] Export complete
[2025-12-21 17:56:23] Successfully re-established JSONL watch after 50ms
[2025-12-21 17:56:23] JSONL file created: /Users/steveklabnik/Code/rue/work/.beads/issues.jsonl
[2025-12-21 17:56:24] Import triggered by file change
[2025-12-21 17:56:24] Starting auto-import...
[2025-12-21 17:56:24] Skipping auto-import: JSONL content unchanged
[2025-12-21 17:56:41] Mutation detected: update tree1-qyx.13
[2025-12-21 17:56:42] Export triggered by mutation events
[2025-12-21 17:56:42] Starting export...
[2025-12-21 17:56:42] Exported to JSONL
[2025-12-21 17:56:42] JSONL removed/renamed, re-establishing watch
[2025-12-21 17:56:42] Export complete
[2025-12-21 17:56:42] Successfully re-established JSONL watch after 50ms
[2025-12-21 17:56:42] JSONL file created: /Users/steveklabnik/Code/rue/work/.beads/issues.jsonl
[2025-12-21 17:56:43] Import triggered by file change
[2025-12-21 17:56:43] Starting auto-import...
[2025-12-21 17:56:43] Skipping auto-import: JSONL content unchanged
[2025-12-21 17:56:46] File change detected: /Users/steveklabnik/Code/rue/work/.beads/issues.jsonl (op: CHMOD)
[2025-12-21 17:56:47] Import triggered by file change
[2025-12-21 17:56:47] Starting auto-import...
[2025-12-21 17:56:47] Skipping auto-import: JSONL content unchanged
[2025-12-21 17:56:52] Mutation detected: update tree1-qyx.11
[2025-12-21 17:56:52] Export triggered by mutation events
[2025-12-21 17:56:52] Starting export...
[2025-12-21 17:56:52] Exported to JSONL
[2025-12-21 17:56:52] JSONL removed/renamed, re-establishing watch
[2025-12-21 17:56:52] Export complete
[2025-12-21 17:56:52] Successfully re-established JSONL watch after 50ms
[2025-12-21 17:56:52] JSONL file created: /Users/steveklabnik/Code/rue/work/.beads/issues.jsonl
[2025-12-21 17:56:53] Import triggered by file change
[2025-12-21 17:56:53] Starting auto-import...
[2025-12-21 17:56:53] Skipping auto-import: JSONL content unchanged
[2025-12-21 17:56:56] JSONL removed/renamed, re-establishing watch
[2025-12-21 17:56:56] Successfully re-established JSONL watch after 50ms
[2025-12-21 17:56:56] JSONL file created: /Users/steveklabnik/Code/rue/work/.beads/issues.jsonl
[2025-12-21 17:56:56] Git HEAD change detected: /Users/steveklabnik/Code/rue/work/.git/HEAD
[2025-12-21 17:56:57] Import triggered by file change
[2025-12-21 17:56:57] Starting auto-import...
[2025-12-21 17:56:57] Skipping auto-import: JSONL content unchanged
[2025-12-21 18:13:51] File change detected: /Users/steveklabnik/Code/rue/work/.beads/issues.jsonl (op: CHMOD)
[2025-12-21 18:13:52] Import triggered by file change
[2025-12-21 18:13:52] Starting auto-import...
[2025-12-21 18:13:52] Skipping auto-import: JSONL content unchanged
[2025-12-21 18:13:56] File change detected: /Users/steveklabnik/Code/rue/work/.beads/issues.jsonl (op: CHMOD)
[2025-12-21 18:13:57] Import triggered by file change
[2025-12-21 18:13:57] Starting auto-import...
[2025-12-21 18:13:57] Skipping auto-import: JSONL content unchanged
[2025-12-21 18:15:31] Mutation detected: create tree1-pla
[2025-12-21 18:15:31] Export triggered by mutation events
[2025-12-21 18:15:31] Starting export...
[2025-12-21 18:15:32] Exported to JSONL
[2025-12-21 18:15:32] JSONL removed/renamed, re-establishing watch
[2025-12-21 18:15:32] Export complete
[2025-12-21 18:15:32] Successfully re-established JSONL watch after 50ms
[2025-12-21 18:15:32] JSONL file created: /Users/steveklabnik/Code/rue/work/.beads/issues.jsonl
[2025-12-21 18:15:32] Mutation detected: create tree1-dzv
[2025-12-21 18:15:33] Import triggered by file change
[2025-12-21 18:15:33] Starting auto-import...
[2025-12-21 18:15:33] Skipping auto-import: JSONL content unchanged
[2025-12-21 18:15:33] Export triggered by mutation events
[2025-12-21 18:15:33] Starting export...
[2025-12-21 18:15:33] Exported to JSONL
[2025-12-21 18:15:33] JSONL removed/renamed, re-establishing watch
[2025-12-21 18:15:33] Export complete
[2025-12-21 18:15:33] Successfully re-established JSONL watch after 50ms
[2025-12-21 18:15:33] JSONL file created: /Users/steveklabnik/Code/rue/work/.beads/issues.jsonl
[2025-12-21 18:15:34] Import triggered by file change
[2025-12-21 18:15:34] Starting auto-import...
[2025-12-21 18:15:34] Skipping auto-import: JSONL content unchanged
[2025-12-21 18:15:34] Mutation detected: create tree1-dv1
[2025-12-21 18:15:35] Export triggered by mutation events
[2025-12-21 18:15:35] Starting export...
[2025-12-21 18:15:35] Exported to JSONL
[2025-12-21 18:15:35] JSONL removed/renamed, re-establishing watch
[2025-12-21 18:15:35] Export complete
[2025-12-21 18:15:35] Successfully re-established JSONL watch after 50ms
[2025-12-21 18:15:35] JSONL file created: /Users/steveklabnik/Code/rue/work/.beads/issues.jsonl
[2025-12-21 18:15:36] Import triggered by file change
[2025-12-21 18:15:36] Starting auto-import...
[2025-12-21 18:15:36] Skipping auto-import: JSONL content unchanged
[2025-12-21 18:15:50] Mutation detected: update tree1-pla
[2025-12-21 18:15:51] Export triggered by mutation events
[2025-12-21 18:15:51] Starting export...
[2025-12-21 18:15:51] Exported to JSONL
[2025-12-21 18:15:51] JSONL removed/renamed, re-establishing watch
[2025-12-21 18:15:51] Export complete
[2025-12-21 18:15:51] Successfully re-established JSONL watch after 50ms
[2025-12-21 18:15:51] JSONL file created: /Users/steveklabnik/Code/rue/work/.beads/issues.jsonl
[2025-12-21 18:15:51] Mutation detected: update tree1-dzv
[2025-12-21 18:15:52] Import triggered by file change
[2025-12-21 18:15:52] Starting auto-import...
[2025-12-21 18:15:52] Export triggered by mutation events
[2025-12-21 18:15:52] Starting export...
[2025-12-21 18:15:52] Skipping auto-import: JSONL content unchanged
[2025-12-21 18:15:52] Exported to JSONL
[2025-12-21 18:15:52] JSONL removed/renamed, re-establishing watch
[2025-12-21 18:15:52] Export complete
[2025-12-21 18:15:52] Successfully re-established JSONL watch after 50ms
[2025-12-21 18:15:52] JSONL file created: /Users/steveklabnik/Code/rue/work/.beads/issues.jsonl
[2025-12-21 18:15:53] Import triggered by file change
[2025-12-21 18:15:53] Starting auto-import...
[2025-12-21 18:15:53] Skipping auto-import: JSONL content unchanged
[2025-12-21 18:16:06] Mutation detected: update tree1-dv1
[2025-12-21 18:16:06] Mutation detected: update tree1-dv1
[2025-12-21 18:16:07] Export triggered by mutation events
[2025-12-21 18:16:07] Starting export...
[2025-12-21 18:16:07] Exported to JSONL
[2025-12-21 18:16:07] JSONL removed/renamed, re-establishing watch
[2025-12-21 18:16:07] Export complete
[2025-12-21 18:16:07] Successfully re-established JSONL watch after 50ms
[2025-12-21 18:16:07] JSONL file created: /Users/steveklabnik/Code/rue/work/.beads/issues.jsonl
[2025-12-21 18:16:08] Import triggered by file change
[2025-12-21 18:16:08] Starting auto-import...
[2025-12-21 18:16:08] Skipping auto-import: JSONL content unchanged
[2025-12-21 18:16:39] Mutation detected: update tree1-pla
[2025-12-21 18:16:39] Mutation detected: update tree1-dzv
[2025-12-21 18:16:39] Export triggered by mutation events
[2025-12-21 18:16:39] Starting export...
[2025-12-21 18:16:39] Exported to JSONL
[2025-12-21 18:16:39] JSONL removed/renamed, re-establishing watch
[2025-12-21 18:16:39] Export complete
[2025-12-21 18:16:39] Successfully re-established JSONL watch after 50ms
[2025-12-21 18:16:39] JSONL file created: /Users/steveklabnik/Code/rue/work/.beads/issues.jsonl
[2025-12-21 18:16:40] Import triggered by file change
[2025-12-21 18:16:40] Starting auto-import...
[2025-12-21 18:16:40] Skipping auto-import: JSONL content unchanged
[2025-12-21 18:29:46] Mutation detected: update tree1-dzv
[2025-12-21 18:29:47] Export triggered by mutation events
[2025-12-21 18:29:47] Starting export...
[2025-12-21 18:29:47] Exported to JSONL
[2025-12-21 18:29:47] JSONL removed/renamed, re-establishing watch
[2025-12-21 18:29:47] Export complete
[2025-12-21 18:29:47] Successfully re-established JSONL watch after 50ms
[2025-12-21 18:29:47] JSONL file created: /Users/steveklabnik/Code/rue/work/.beads/issues.jsonl
[2025-12-21 18:29:47] Mutation detected: update tree1-dv1
[2025-12-21 18:29:48] Import triggered by file change
[2025-12-21 18:29:48] Starting auto-import...
[2025-12-21 18:29:48] Skipping auto-import: JSONL content unchanged
[2025-12-21 18:29:48] Export triggered by mutation events
[2025-12-21 18:29:48] Starting export...
[2025-12-21 18:29:48] Exported to JSONL
[2025-12-21 18:29:48] JSONL removed/renamed, re-establishing watch
[2025-12-21 18:29:48] Export complete
[2025-12-21 18:29:48] Successfully re-established JSONL watch after 50ms
[2025-12-21 18:29:48] JSONL file created: /Users/steveklabnik/Code/rue/work/.beads/issues.jsonl
[2025-12-21 18:29:49] Import triggered by file change
[2025-12-21 18:29:49] Starting auto-import...
[2025-12-21 18:29:49] Skipping auto-import: JSONL content unchanged
[2025-12-21 18:33:38] Mutation detected: update tree1-pla
[2025-12-21 18:33:38] Export triggered by mutation events
[2025-12-21 18:33:38] Starting export...
[2025-12-21 18:33:38] Exported to JSONL
[2025-12-21 18:33:38] JSONL removed/renamed, re-establishing watch
[2025-12-21 18:33:38] Export complete
[2025-12-21 18:33:38] Successfully re-established JSONL watch after 50ms
[2025-12-21 18:33:38] JSONL file created: /Users/steveklabnik/Code/rue/work/.beads/issues.jsonl
[2025-12-21 18:33:39] Mutation detected: update tree1-dzv
[2025-12-21 18:33:39] Import triggered by file change
[2025-12-21 18:33:39] Starting auto-import...
[2025-12-21 18:33:39] Skipping auto-import: JSONL content unchanged
[2025-12-21 18:33:39] Export triggered by mutation events
[2025-12-21 18:33:39] Starting export...
[2025-12-21 18:33:39] Exported to JSONL
[2025-12-21 18:33:39] JSONL removed/renamed, re-establishing watch
[2025-12-21 18:33:39] Export complete
[2025-12-21 18:33:39] Successfully re-established JSONL watch after 50ms
[2025-12-21 18:33:39] JSONL file created: /Users/steveklabnik/Code/rue/work/.beads/issues.jsonl
[2025-12-21 18:33:40] Mutation detected: update tree1-dv1
[2025-12-21 18:33:40] Export triggered by mutation events
[2025-12-21 18:33:40] Starting export...
[2025-12-21 18:33:40] Exported to JSONL
[2025-12-21 18:33:40] JSONL removed/renamed, re-establishing watch
[2025-12-21 18:33:40] Export complete
[2025-12-21 18:33:40] Successfully re-established JSONL watch after 50ms
[2025-12-21 18:33:40] JSONL file created: /Users/steveklabnik/Code/rue/work/.beads/issues.jsonl
[2025-12-21 18:33:40] Import triggered by file change
[2025-12-21 18:33:40] Starting auto-import...
[2025-12-21 18:33:40] Skipping auto-import: JSONL content unchanged
[2025-12-21 18:33:41] Import triggered by file change
[2025-12-21 18:33:41] Starting auto-import...
[2025-12-21 18:33:41] Skipping auto-import: JSONL content unchanged
[2025-12-21 18:34:43] Mutation detected: create tree1-k8e
[2025-12-21 18:34:44] Export triggered by mutation events
[2025-12-21 18:34:44] Starting export...
[2025-12-21 18:34:44] Exported to JSONL
[2025-12-21 18:34:44] JSONL removed/renamed, re-establishing watch
[2025-12-21 18:34:44] Export complete
[2025-12-21 18:34:44] Successfully re-established JSONL watch after 50ms
[2025-12-21 18:34:44] JSONL file created: /Users/steveklabnik/Code/rue/work/.beads/issues.jsonl
[2025-12-21 18:34:45] Import triggered by file change
[2025-12-21 18:34:45] Starting auto-import...
[2025-12-21 18:34:45] Skipping auto-import: JSONL content unchanged
[2025-12-21 18:44:49] Git HEAD change detected: /Users/steveklabnik/Code/rue/work/.git/HEAD
[2025-12-21 18:44:49] JSONL removed/renamed, re-establishing watch
[2025-12-21 18:44:49] Successfully re-established JSONL watch after 50ms
[2025-12-21 18:44:49] JSONL file created: /Users/steveklabnik/Code/rue/work/.beads/issues.jsonl
[2025-12-21 18:44:50] Import triggered by file change
[2025-12-21 18:44:50] Starting auto-import...
[2025-12-21 18:44:50] JSONL content changed, proceeding with auto-import...
[2025-12-21 18:44:50] ⚠️  WARNING: Uncommitted local changes detected in /Users/steveklabnik/Code/rue/work/.beads/issues.jsonl
[2025-12-21 18:44:50]    Pulling from remote may overwrite local unpushed changes.
[2025-12-21 18:44:50]    Consider running 'bd sync' to commit and push your changes first.
[2025-12-21 18:44:50] Pull failed: failed to get current branch: exit status 128
[2025-12-21 18:44:59] Git HEAD change detected: /Users/steveklabnik/Code/rue/work/.git/HEAD
[2025-12-21 18:45:00] Import triggered by file change
[2025-12-21 18:45:00] Starting auto-import...
[2025-12-21 18:45:00] JSONL content changed, proceeding with auto-import...
[2025-12-21 18:45:00] ⚠️  WARNING: Uncommitted local changes detected in /Users/steveklabnik/Code/rue/work/.beads/issues.jsonl
[2025-12-21 18:45:00]    Pulling from remote may overwrite local unpushed changes.
[2025-12-21 18:45:00]    Consider running 'bd sync' to commit and push your changes first.
[2025-12-21 18:45:00] Pull failed: failed to get current branch: exit status 128
[2025-12-21 18:45:05] Git HEAD change detected: /Users/steveklabnik/Code/rue/work/.git/HEAD
[2025-12-21 18:45:06] Import triggered by file change
[2025-12-21 18:45:06] Starting auto-import...
[2025-12-21 18:45:06] JSONL content changed, proceeding with auto-import...
[2025-12-21 18:45:06] ⚠️  WARNING: Uncommitted local changes detected in /Users/steveklabnik/Code/rue/work/.beads/issues.jsonl
[2025-12-21 18:45:06]    Pulling from remote may overwrite local unpushed changes.
[2025-12-21 18:45:06]    Consider running 'bd sync' to commit and push your changes first.
[2025-12-21 18:45:06] Pull failed: failed to get current branch: exit status 128
[2025-12-21 18:46:52] File change detected: /Users/steveklabnik/Code/rue/work/.beads/issues.jsonl (op: CHMOD)
[2025-12-21 18:46:52] File change detected: /Users/steveklabnik/Code/rue/work/.beads/issues.jsonl (op: WRITE)
[2025-12-21 18:46:52] File change detected: /Users/steveklabnik/Code/rue/work/.beads/issues.jsonl (op: WRITE)
[2025-12-21 18:46:52] File change detected: /Users/steveklabnik/Code/rue/work/.beads/issues.jsonl (op: WRITE)
[2025-12-21 18:46:52] File change detected: /Users/steveklabnik/Code/rue/work/.beads/issues.jsonl (op: WRITE)
[2025-12-21 18:46:52] File change detected: /Users/steveklabnik/Code/rue/work/.beads/issues.jsonl (op: WRITE)
[2025-12-21 18:46:52] File change detected: /Users/steveklabnik/Code/rue/work/.beads/issues.jsonl (op: WRITE)
[2025-12-21 18:46:52] File change detected: /Users/steveklabnik/Code/rue/work/.beads/issues.jsonl (op: WRITE)
[2025-12-21 18:46:52] File change detected: /Users/steveklabnik/Code/rue/work/.beads/issues.jsonl (op: WRITE)
[2025-12-21 18:46:52] File change detected: /Users/steveklabnik/Code/rue/work/.beads/issues.jsonl (op: WRITE)
[2025-12-21 18:46:52] File change detected: /Users/steveklabnik/Code/rue/work/.beads/issues.jsonl (op: WRITE)
[2025-12-21 18:46:52] File change detected: /Users/steveklabnik/Code/rue/work/.beads/issues.jsonl (op: WRITE)
[2025-12-21 18:46:52] File change detected: /Users/steveklabnik/Code/rue/work/.beads/issues.jsonl (op: WRITE)
[2025-12-21 18:46:52] File change detected: /Users/steveklabnik/Code/rue/work/.beads/issues.jsonl (op: WRITE)
[2025-12-21 18:46:52] File change detected: /Users/steveklabnik/Code/rue/work/.beads/issues.jsonl (op: WRITE)
[2025-12-21 18:46:52] File change detected: /Users/steveklabnik/Code/rue/work/.beads/issues.jsonl (op: WRITE)
[2025-12-21 18:46:52] File change detected: /Users/steveklabnik/Code/rue/work/.beads/issues.jsonl (op: WRITE)
[2025-12-21 18:46:52] File change detected: /Users/steveklabnik/Code/rue/work/.beads/issues.jsonl (op: WRITE)
[2025-12-21 18:46:52] File change detected: /Users/steveklabnik/Code/rue/work/.beads/issues.jsonl (op: WRITE)
[2025-12-21 18:46:52] File change detected: /Users/steveklabnik/Code/rue/work/.beads/issues.jsonl (op: WRITE)
[2025-12-21 18:46:52] File change detected: /Users/steveklabnik/Code/rue/work/.beads/issues.jsonl (op: WRITE)
[2025-12-21 18:46:52] File change detected: /Users/steveklabnik/Code/rue/work/.beads/issues.jsonl (op: WRITE)
[2025-12-21 18:46:52] File change detected: /Users/steveklabnik/Code/rue/work/.beads/issues.jsonl (op: WRITE)
[2025-12-21 18:46:52] File change detected: /Users/steveklabnik/Code/rue/work/.beads/issues.jsonl (op: WRITE)
[2025-12-21 18:46:52] File change detected: /Users/steveklabnik/Code/rue/work/.beads/issues.jsonl (op: WRITE)
[2025-12-21 18:46:52] File change detected: /Users/steveklabnik/Code/rue/work/.beads/issues.jsonl (op: WRITE)
[2025-12-21 18:46:52] File change detected: /Users/steveklabnik/Code/rue/work/.beads/issues.jsonl (op: WRITE)
[2025-12-21 18:46:52] File change detected: /Users/steveklabnik/Code/rue/work/.beads/issues.jsonl (op: WRITE)
[2025-12-21 18:46:52] File change detected: /Users/steveklabnik/Code/rue/work/.beads/issues.jsonl (op: WRITE)
[2025-12-21 18:46:52] File change detected: /Users/steveklabnik/Code/rue/work/.beads/issues.jsonl (op: WRITE)
[2025-12-21 18:46:52] File change detected: /Users/steveklabnik/Code/rue/work/.beads/issues.jsonl (op: WRITE)
[2025-12-21 18:46:52] File change detected: /Users/steveklabnik/Code/rue/work/.beads/issues.jsonl (op: WRITE)
[2025-12-21 18:46:52] File change detected: /Users/steveklabnik/Code/rue/work/.beads/issues.jsonl (op: WRITE)
[2025-12-21 18:46:52] File change detected: /Users/steveklabnik/Code/rue/work/.beads/issues.jsonl (op: WRITE)
[2025-12-21 18:46:52] File change detected: /Users/steveklabnik/Code/rue/work/.beads/issues.jsonl (op: WRITE)
[2025-12-21 18:46:52] File change detected: /Users/steveklabnik/Code/rue/work/.beads/issues.jsonl (op: WRITE)
[2025-12-21 18:46:52] File change detected: /Users/steveklabnik/Code/rue/work/.beads/issues.jsonl (op: WRITE)
[2025-12-21 18:46:52] File change detected: /Users/steveklabnik/Code/rue/work/.beads/issues.jsonl (op: WRITE)
[2025-12-21 18:46:52] File change detected: /Users/steveklabnik/Code/rue/work/.beads/issues.jsonl (op: WRITE)
[2025-12-21 18:46:52] File change detected: /Users/steveklabnik/Code/rue/work/.beads/issues.jsonl (op: WRITE)
[2025-12-21 18:46:52] File change detected: /Users/steveklabnik/Code/rue/work/.beads/issues.jsonl (op: WRITE)
[2025-12-21 18:46:52] File change detected: /Users/steveklabnik/Code/rue/work/.beads/issues.jsonl (op: WRITE)
[2025-12-21 18:46:52] File change detected: /Users/steveklabnik/Code/rue/work/.beads/issues.jsonl (op: WRITE)
[2025-12-21 18:46:52] File change detected: /Users/steveklabnik/Code/rue/work/.beads/issues.jsonl (op: WRITE)
[2025-12-21 18:46:52] File change detected: /Users/steveklabnik/Code/rue/work/.beads/issues.jsonl (op: WRITE)
[2025-12-21 18:46:52] File change detected: /Users/steveklabnik/Code/rue/work/.beads/issues.jsonl (op: WRITE)
[2025-12-21 18:46:52] File change detected: /Users/steveklabnik/Code/rue/work/.beads/issues.jsonl (op: WRITE)
[2025-12-21 18:46:52] File change detected: /Users/steveklabnik/Code/rue/work/.beads/issues.jsonl (op: WRITE)
[2025-12-21 18:46:52] File change detected: /Users/steveklabnik/Code/rue/work/.beads/issues.jsonl (op: WRITE)
[2025-12-21 18:46:52] File change detected: /Users/steveklabnik/Code/rue/work/.beads/issues.jsonl (op: WRITE)
[2025-12-21 18:46:52] File change detected: /Users/steveklabnik/Code/rue/work/.beads/issues.jsonl (op: WRITE)
[2025-12-21 18:46:52] File change detected: /Users/steveklabnik/Code/rue/work/.beads/issues.jsonl (op: WRITE)
[2025-12-21 18:46:52] File change detected: /Users/steveklabnik/Code/rue/work/.beads/issues.jsonl (op: WRITE)
[2025-12-21 18:46:52] File change detected: /Users/steveklabnik/Code/rue/work/.beads/issues.jsonl (op: WRITE)
[2025-12-21 18:46:52] File change detected: /Users/steveklabnik/Code/rue/work/.beads/issues.jsonl (op: WRITE)
[2025-12-21 18:46:52] File change detected: /Users/steveklabnik/Code/rue/work/.beads/issues.jsonl (op: WRITE)
[2025-12-21 18:46:52] File change detected: /Users/steveklabnik/Code/rue/work/.beads/issues.jsonl (op: WRITE)
[2025-12-21 18:46:52] File change detected: /Users/steveklabnik/Code/rue/work/.beads/issues.jsonl (op: WRITE)
[2025-12-21 18:46:52] File change detected: /Users/steveklabnik/Code/rue/work/.beads/issues.jsonl (op: WRITE)
[2025-12-21 18:46:52] File change detected: /Users/steveklabnik/Code/rue/work/.beads/issues.jsonl (op: WRITE)
[2025-12-21 18:46:52] File change detected: /Users/steveklabnik/Code/rue/work/.beads/issues.jsonl (op: WRITE)
[2025-12-21 18:46:53] Import triggered by file change
[2025-12-21 18:46:53] Starting auto-import...
[2025-12-21 18:46:53] Skipping auto-import: JSONL content unchanged
[2025-12-21 18:47:01] Git HEAD change detected: /Users/steveklabnik/Code/rue/work/.git/HEAD
[2025-12-21 18:47:02] Import triggered by file change
[2025-12-21 18:47:02] Starting auto-import...
[2025-12-21 18:47:02] Skipping auto-import: JSONL content unchanged
[2025-12-21 18:49:05] File change detected: /Users/steveklabnik/Code/rue/work/.beads/issues.jsonl (op: CHMOD)
[2025-12-21 18:49:06] Import triggered by file change
[2025-12-21 18:49:06] Starting auto-import...
[2025-12-21 18:49:06] Skipping auto-import: JSONL content unchanged
[2025-12-21 18:49:10] File change detected: /Users/steveklabnik/Code/rue/work/.beads/issues.jsonl (op: CHMOD)
[2025-12-21 18:49:11] Import triggered by file change
[2025-12-21 18:49:11] Starting auto-import...
[2025-12-21 18:49:11] Skipping auto-import: JSONL content unchanged
[2025-12-21 18:49:19] File change detected: /Users/steveklabnik/Code/rue/work/.beads/issues.jsonl (op: CHMOD)
[2025-12-21 18:49:20] Import triggered by file change
[2025-12-21 18:49:20] Starting auto-import...
[2025-12-21 18:49:20] Skipping auto-import: JSONL content unchanged
[2025-12-21 18:50:11] File change detected: /Users/steveklabnik/Code/rue/work/.beads/issues.jsonl (op: CHMOD)
[2025-12-21 18:50:12] Import triggered by file change
[2025-12-21 18:50:12] Starting auto-import...
[2025-12-21 18:50:12] Skipping auto-import: JSONL content unchanged
[2025-12-21 18:51:14] File change detected: /Users/steveklabnik/Code/rue/work/.beads/issues.jsonl (op: CHMOD)
[2025-12-21 18:51:15] Import triggered by file change
[2025-12-21 18:51:15] Starting auto-import...
[2025-12-21 18:51:15] Skipping auto-import: JSONL content unchanged
[2025-12-21 18:51:24] File change detected: /Users/steveklabnik/Code/rue/work/.beads/issues.jsonl (op: CHMOD)
[2025-12-21 18:51:25] Import triggered by file change
[2025-12-21 18:51:25] Starting auto-import...
[2025-12-21 18:51:25] Skipping auto-import: JSONL content unchanged
[2025-12-21 18:52:46] File change detected: /Users/steveklabnik/Code/rue/work/.beads/issues.jsonl (op: CHMOD)
[2025-12-21 18:52:47] Import triggered by file change
[2025-12-21 18:52:47] Starting auto-import...
[2025-12-21 18:52:47] Skipping auto-import: JSONL content unchanged
[2025-12-21 18:55:05] File change detected: /Users/steveklabnik/Code/rue/work/.beads/issues.jsonl (op: CHMOD)
[2025-12-21 18:55:06] File change detected: /Users/steveklabnik/Code/rue/work/.beads/issues.jsonl (op: CHMOD)
[2025-12-21 18:55:06] Mutation detected: update tree1-k8e
[2025-12-21 18:55:06] Import triggered by file change
[2025-12-21 18:55:06] Starting auto-import...
[2025-12-21 18:55:06] Skipping auto-import: JSONL content unchanged
[2025-12-21 18:55:06] Export triggered by mutation events
[2025-12-21 18:55:06] Starting export...
[2025-12-21 18:55:06] Exported to JSONL
[2025-12-21 18:55:06] JSONL removed/renamed, re-establishing watch
[2025-12-21 18:55:06] Export complete
[2025-12-21 18:55:06] Successfully re-established JSONL watch after 50ms
[2025-12-21 18:55:06] JSONL file created: /Users/steveklabnik/Code/rue/work/.beads/issues.jsonl
[2025-12-21 18:55:07] Import triggered by file change
[2025-12-21 18:55:07] Starting auto-import...
[2025-12-21 18:55:07] Skipping auto-import: JSONL content unchanged
[2025-12-21 18:55:07] Import triggered by file change
[2025-12-21 18:55:07] Starting auto-import...
[2025-12-21 18:55:07] Skipping auto-import: JSONL content unchanged
[2025-12-21 18:57:39] Git HEAD change detected: /Users/steveklabnik/Code/rue/work/.git/HEAD
[2025-12-21 18:57:40] Import triggered by file change
[2025-12-21 18:57:40] Starting auto-import...
[2025-12-21 18:57:40] Skipping auto-import: JSONL content unchanged
[2025-12-21 18:57:41] Git HEAD change detected: /Users/steveklabnik/Code/rue/work/.git/HEAD
[2025-12-21 18:57:42] Import triggered by file change
[2025-12-21 18:57:42] Starting auto-import...
[2025-12-21 18:57:42] Skipping auto-import: JSONL content unchanged
[2025-12-21 18:57:43] File change detected: /Users/steveklabnik/Code/rue/work/.beads/issues.jsonl (op: CHMOD)
[2025-12-21 18:57:44] Import triggered by file change
[2025-12-21 18:57:44] Starting auto-import...
[2025-12-21 18:57:44] Skipping auto-import: JSONL content unchanged
[2025-12-21 18:57:51] File change detected: /Users/steveklabnik/Code/rue/work/.beads/issues.jsonl (op: CHMOD)
[2025-12-21 18:57:52] Import triggered by file change
[2025-12-21 18:57:52] Starting auto-import...
[2025-12-21 18:57:52] Skipping auto-import: JSONL content unchanged
[2025-12-21 18:57:58] File change detected: /Users/steveklabnik/Code/rue/work/.beads/issues.jsonl (op: CHMOD)
[2025-12-21 18:57:59] Import triggered by file change
[2025-12-21 18:57:59] Starting auto-import...
[2025-12-21 18:57:59] Skipping auto-import: JSONL content unchanged
[2025-12-21 18:58:11] File change detected: /Users/steveklabnik/Code/rue/work/.beads/issues.jsonl (op: CHMOD)
[2025-12-21 18:58:12] Import triggered by file change
[2025-12-21 18:58:12] Starting auto-import...
[2025-12-21 18:58:12] Skipping auto-import: JSONL content unchanged
[2025-12-21 18:58:16] File change detected: /Users/steveklabnik/Code/rue/work/.beads/issues.jsonl (op: CHMOD)
[2025-12-21 18:58:17] Import triggered by file change
[2025-12-21 18:58:17] Starting auto-import...
[2025-12-21 18:58:17] Skipping auto-import: JSONL content unchanged
[2025-12-21 18:58:59] File change detected: /Users/steveklabnik/Code/rue/work/.beads/issues.jsonl (op: CHMOD)
[2025-12-21 18:59:00] Import triggered by file change
[2025-12-21 18:59:00] Starting auto-import...
[2025-12-21 18:59:00] Skipping auto-import: JSONL content unchanged
[2025-12-21 18:59:37] File change detected: /Users/steveklabnik/Code/rue/work/.beads/issues.jsonl (op: CHMOD)
[2025-12-21 18:59:38] Import triggered by file change
[2025-12-21 18:59:38] Starting auto-import...
[2025-12-21 18:59:38] Skipping auto-import: JSONL content unchanged
[2025-12-21 19:00:39] File change detected: /Users/steveklabnik/Code/rue/work/.beads/issues.jsonl (op: CHMOD)
[2025-12-21 19:00:40] Import triggered by file change
[2025-12-21 19:00:40] Starting auto-import...
[2025-12-21 19:00:40] Skipping auto-import: JSONL content unchanged
[2025-12-21 19:00:44] File change detected: /Users/steveklabnik/Code/rue/work/.beads/issues.jsonl (op: CHMOD)
[2025-12-21 19:00:45] Import triggered by file change
[2025-12-21 19:00:45] Starting auto-import...
[2025-12-21 19:00:45] Skipping auto-import: JSONL content unchanged
[2025-12-21 19:03:37] File change detected: /Users/steveklabnik/Code/rue/work/.beads/issues.jsonl (op: CHMOD)
[2025-12-21 19:03:38] Import triggered by file change
[2025-12-21 19:03:38] Starting auto-import...
[2025-12-21 19:03:38] Skipping auto-import: JSONL content unchanged
[2025-12-21 19:04:35] File change detected: /Users/steveklabnik/Code/rue/work/.beads/issues.jsonl (op: CHMOD)
[2025-12-21 19:04:36] Import triggered by file change
[2025-12-21 19:04:36] Starting auto-import...
[2025-12-21 19:04:36] Skipping auto-import: JSONL content unchanged
[2025-12-21 19:07:34] File change detected: /Users/steveklabnik/Code/rue/work/.beads/issues.jsonl (op: CHMOD)
[2025-12-21 19:07:35] Import triggered by file change
[2025-12-21 19:07:35] Starting auto-import...
[2025-12-21 19:07:35] Skipping auto-import: JSONL content unchanged
[2025-12-21 19:08:03] File change detected: /Users/steveklabnik/Code/rue/work/.beads/issues.jsonl (op: CHMOD)
[2025-12-21 19:08:04] Import triggered by file change
[2025-12-21 19:08:04] Starting auto-import...
[2025-12-21 19:08:04] Skipping auto-import: JSONL content unchanged
[2025-12-21 19:09:20] File change detected: /Users/steveklabnik/Code/rue/work/.beads/issues.jsonl (op: CHMOD)
[2025-12-21 19:09:21] Import triggered by file change
[2025-12-21 19:09:21] Starting auto-import...
[2025-12-21 19:09:21] Skipping auto-import: JSONL content unchanged
[2025-12-21 19:10:45] File change detected: /Users/steveklabnik/Code/rue/work/.beads/issues.jsonl (op: CHMOD)
[2025-12-21 19:10:46] Import triggered by file change
[2025-12-21 19:10:46] Starting auto-import...
[2025-12-21 19:10:46] Skipping auto-import: JSONL content unchanged
[2025-12-21 19:10:50] File change detected: /Users/steveklabnik/Code/rue/work/.beads/issues.jsonl (op: CHMOD)
[2025-12-21 19:10:51] Import triggered by file change
[2025-12-21 19:10:51] Starting auto-import...
[2025-12-21 19:10:51] Skipping auto-import: JSONL content unchanged
[2025-12-21 19:10:58] File change detected: /Users/steveklabnik/Code/rue/work/.beads/issues.jsonl (op: CHMOD)
[2025-12-21 19:10:59] Import triggered by file change
[2025-12-21 19:10:59] Starting auto-import...
[2025-12-21 19:10:59] Skipping auto-import: JSONL content unchanged
[2025-12-21 19:11:04] File change detected: /Users/steveklabnik/Code/rue/work/.beads/issues.jsonl (op: CHMOD)
[2025-12-21 19:11:05] Import triggered by file change
[2025-12-21 19:11:05] Starting auto-import...
[2025-12-21 19:11:05] Skipping auto-import: JSONL content unchanged
[2025-12-21 19:13:52] Mutation detected: create tree1-2mj
[2025-12-21 19:13:52] Export triggered by mutation events
[2025-12-21 19:13:52] Starting export...
[2025-12-21 19:13:52] Exported to JSONL
[2025-12-21 19:13:52] JSONL removed/renamed, re-establishing watch
[2025-12-21 19:13:52] Export complete
[2025-12-21 19:13:52] Successfully re-established JSONL watch after 50ms
[2025-12-21 19:13:52] JSONL file created: /Users/steveklabnik/Code/rue/work/.beads/issues.jsonl
[2025-12-21 19:13:53] Import triggered by file change
[2025-12-21 19:13:53] Starting auto-import...
[2025-12-21 19:13:53] Skipping auto-import: JSONL content unchanged
[2025-12-21 19:14:00] Mutation detected: update tree1-2mj
[2025-12-21 19:14:00] Export triggered by mutation events
[2025-12-21 19:14:00] Starting export...
[2025-12-21 19:14:00] Exported to JSONL
[2025-12-21 19:14:00] JSONL removed/renamed, re-establishing watch
[2025-12-21 19:14:00] Export complete
[2025-12-21 19:14:00] Successfully re-established JSONL watch after 50ms
[2025-12-21 19:14:00] JSONL file created: /Users/steveklabnik/Code/rue/work/.beads/issues.jsonl
[2025-12-21 19:14:01] Import triggered by file change
[2025-12-21 19:14:01] Starting auto-import...
[2025-12-21 19:14:01] Skipping auto-import: JSONL content unchanged
[2025-12-21 19:14:04] File change detected: /Users/steveklabnik/Code/rue/work/.beads/issues.jsonl (op: CHMOD)
[2025-12-21 19:14:05] Import triggered by file change
[2025-12-21 19:14:05] Starting auto-import...
[2025-12-21 19:14:05] Skipping auto-import: JSONL content unchanged
[2025-12-21 19:15:41] File change detected: /Users/steveklabnik/Code/rue/work/.beads/issues.jsonl (op: CHMOD)
[2025-12-21 19:15:42] Import triggered by file change
[2025-12-21 19:15:42] Starting auto-import...
[2025-12-21 19:15:42] Skipping auto-import: JSONL content unchanged
[2025-12-21 19:15:50] File change detected: /Users/steveklabnik/Code/rue/work/.beads/issues.jsonl (op: CHMOD)
[2025-12-21 19:15:51] Import triggered by file change
[2025-12-21 19:15:51] Starting auto-import...
[2025-12-21 19:15:51] Skipping auto-import: JSONL content unchanged
[2025-12-21 19:16:52] Mutation detected: update tree1-qyx.4
[2025-12-21 19:16:53] Export triggered by mutation events
[2025-12-21 19:16:53] Starting export...
[2025-12-21 19:16:53] Exported to JSONL
[2025-12-21 19:16:53] JSONL removed/renamed, re-establishing watch
[2025-12-21 19:16:53] Export complete
[2025-12-21 19:16:53] Successfully re-established JSONL watch after 50ms
[2025-12-21 19:16:53] JSONL file created: /Users/steveklabnik/Code/rue/work/.beads/issues.jsonl
[2025-12-21 19:16:53] Mutation detected: update tree1-qyx.5
[2025-12-21 19:16:54] Import triggered by file change
[2025-12-21 19:16:54] Starting auto-import...
[2025-12-21 19:16:54] Skipping auto-import: JSONL content unchanged
[2025-12-21 19:16:54] Export triggered by mutation events
[2025-12-21 19:16:54] Starting export...
[2025-12-21 19:16:54] Exported to JSONL
[2025-12-21 19:16:54] JSONL removed/renamed, re-establishing watch
[2025-12-21 19:16:54] Export complete
[2025-12-21 19:16:54] Successfully re-established JSONL watch after 50ms
[2025-12-21 19:16:54] JSONL file created: /Users/steveklabnik/Code/rue/work/.beads/issues.jsonl
[2025-12-21 19:16:55] Mutation detected: update tree1-qyx.12
[2025-12-21 19:16:55] Import triggered by file change
[2025-12-21 19:16:55] Starting auto-import...
[2025-12-21 19:16:55] Skipping auto-import: JSONL content unchanged
[2025-12-21 19:16:55] Export triggered by mutation events
[2025-12-21 19:16:55] Starting export...
[2025-12-21 19:16:55] Exported to JSONL
[2025-12-21 19:16:55] JSONL removed/renamed, re-establishing watch
[2025-12-21 19:16:55] Export complete
[2025-12-21 19:16:55] Successfully re-established JSONL watch after 50ms
[2025-12-21 19:16:55] JSONL file created: /Users/steveklabnik/Code/rue/work/.beads/issues.jsonl
[2025-12-21 19:16:56] Mutation detected: update tree1-qyx.15
[2025-12-21 19:16:56] Import triggered by file change
[2025-12-21 19:16:56] Starting auto-import...
[2025-12-21 19:16:56] Skipping auto-import: JSONL content unchanged
[2025-12-21 19:16:56] Export triggered by mutation events
[2025-12-21 19:16:56] Starting export...
[2025-12-21 19:16:56] Exported to JSONL
[2025-12-21 19:16:56] JSONL removed/renamed, re-establishing watch
[2025-12-21 19:16:56] Export complete
[2025-12-21 19:16:56] Successfully re-established JSONL watch after 50ms
[2025-12-21 19:16:56] JSONL file created: /Users/steveklabnik/Code/rue/work/.beads/issues.jsonl
[2025-12-21 19:16:57] Mutation detected: update tree1-qyx
[2025-12-21 19:16:57] Import triggered by file change
[2025-12-21 19:16:57] Starting auto-import...
[2025-12-21 19:16:57] Skipping auto-import: JSONL content unchanged
[2025-12-21 19:16:58] Export triggered by mutation events
[2025-12-21 19:16:58] Starting export...
[2025-12-21 19:16:58] Exported to JSONL
[2025-12-21 19:16:58] JSONL removed/renamed, re-establishing watch
[2025-12-21 19:16:58] Export complete
[2025-12-21 19:16:58] Successfully re-established JSONL watch after 50ms
[2025-12-21 19:16:58] JSONL file created: /Users/steveklabnik/Code/rue/work/.beads/issues.jsonl
[2025-12-21 19:16:59] Import triggered by file change
[2025-12-21 19:16:59] Starting auto-import...
[2025-12-21 19:16:59] Skipping auto-import: JSONL content unchanged
[2025-12-21 19:17:06] Git HEAD change detected: /Users/steveklabnik/Code/rue/work/.git/HEAD
[2025-12-21 19:17:07] Import triggered by file change
[2025-12-21 19:17:07] Starting auto-import...
[2025-12-21 19:17:07] Skipping auto-import: JSONL content unchanged
[2025-12-21 19:17:28] File change detected: /Users/steveklabnik/Code/rue/work/.beads/issues.jsonl (op: CHMOD)
[2025-12-21 19:17:29] Import triggered by file change
[2025-12-21 19:17:29] Starting auto-import...
[2025-12-21 19:17:29] Skipping auto-import: JSONL content unchanged
[2025-12-21 19:17:33] File change detected: /Users/steveklabnik/Code/rue/work/.beads/issues.jsonl (op: CHMOD)
[2025-12-21 19:17:34] Import triggered by file change
[2025-12-21 19:17:34] Starting auto-import...
[2025-12-21 19:17:34] Skipping auto-import: JSONL content unchanged
[2025-12-21 19:17:38] File change detected: /Users/steveklabnik/Code/rue/work/.beads/issues.jsonl (op: CHMOD)
[2025-12-21 19:17:39] Import triggered by file change
[2025-12-21 19:17:39] Starting auto-import...
[2025-12-21 19:17:39] Skipping auto-import: JSONL content unchanged
[2025-12-21 19:17:43] File change detected: /Users/steveklabnik/Code/rue/work/.beads/issues.jsonl (op: CHMOD)
[2025-12-21 19:17:44] Import triggered by file change
[2025-12-21 19:17:44] Starting auto-import...
[2025-12-21 19:17:44] Skipping auto-import: JSONL content unchanged
[2025-12-21 19:17:49] File change detected: /Users/steveklabnik/Code/rue/work/.beads/issues.jsonl (op: CHMOD)
[2025-12-21 19:17:50] Import triggered by file change
[2025-12-21 19:17:50] Starting auto-import...
[2025-12-21 19:17:50] Skipping auto-import: JSONL content unchanged
[2025-12-21 19:17:54] File change detected: /Users/steveklabnik/Code/rue/work/.beads/issues.jsonl (op: CHMOD)
[2025-12-21 19:17:55] Import triggered by file change
[2025-12-21 19:17:55] Starting auto-import...
[2025-12-21 19:17:55] Skipping auto-import: JSONL content unchanged
[2025-12-21 19:17:59] File change detected: /Users/steveklabnik/Code/rue/work/.beads/issues.jsonl (op: CHMOD)
[2025-12-21 19:18:00] Import triggered by file change
[2025-12-21 19:18:00] Starting auto-import...
[2025-12-21 19:18:00] Skipping auto-import: JSONL content unchanged
[2025-12-21 19:18:04] File change detected: /Users/steveklabnik/Code/rue/work/.beads/issues.jsonl (op: CHMOD)
[2025-12-21 19:18:04] Git HEAD change detected: /Users/steveklabnik/Code/rue/work/.git/HEAD
[2025-12-21 19:18:04] JSONL removed/renamed, re-establishing watch
[2025-12-21 19:18:04] Successfully re-established JSONL watch after 50ms
[2025-12-21 19:18:04] JSONL file created: /Users/steveklabnik/Code/rue/work/.beads/issues.jsonl
[2025-12-21 19:18:05] Import triggered by file change
[2025-12-21 19:18:05] Starting auto-import...
[2025-12-21 19:18:05] JSONL content changed, proceeding with auto-import...
[2025-12-21 19:18:05] ⚠️  WARNING: Uncommitted local changes detected in /Users/steveklabnik/Code/rue/work/.beads/issues.jsonl
[2025-12-21 19:18:05]    Pulling from remote may overwrite local unpushed changes.
[2025-12-21 19:18:05]    Consider running 'bd sync' to commit and push your changes first.
[2025-12-21 19:18:05] Pull failed: failed to get current branch: exit status 128
[2025-12-21 19:18:49] File change detected: /Users/steveklabnik/Code/rue/work/.beads/issues.jsonl (op: CHMOD)
[2025-12-21 19:18:49] File change detected: /Users/steveklabnik/Code/rue/work/.beads/issues.jsonl (op: CHMOD)
[2025-12-21 19:18:49] File change detected: /Users/steveklabnik/Code/rue/work/.beads/issues.jsonl (op: CHMOD)
[2025-12-21 19:18:49] File change detected: /Users/steveklabnik/Code/rue/work/.beads/issues.jsonl (op: WRITE)
[2025-12-21 19:18:49] File change detected: /Users/steveklabnik/Code/rue/work/.beads/issues.jsonl (op: CHMOD)
[2025-12-21 19:18:49] File change detected: /Users/steveklabnik/Code/rue/work/.beads/issues.jsonl (op: CHMOD)
[2025-12-21 19:18:49] File change detected: /Users/steveklabnik/Code/rue/work/.beads/issues.jsonl (op: CHMOD)
[2025-12-21 19:18:49] File change detected: /Users/steveklabnik/Code/rue/work/.beads/issues.jsonl (op: CHMOD)
[2025-12-21 19:18:49] File change detected: /Users/steveklabnik/Code/rue/work/.beads/issues.jsonl (op: CHMOD)
[2025-12-21 19:18:49] File change detected: /Users/steveklabnik/Code/rue/work/.beads/issues.jsonl (op: CHMOD)
[2025-12-21 19:18:49] File change detected: /Users/steveklabnik/Code/rue/work/.beads/issues.jsonl (op: CHMOD)
[2025-12-21 19:18:49] File change detected: /Users/steveklabnik/Code/rue/work/.beads/issues.jsonl (op: CHMOD)
[2025-12-21 19:18:50] Import triggered by file change
[2025-12-21 19:18:50] Starting auto-import...
[2025-12-21 19:18:50] Skipping auto-import: JSONL content unchanged
[2025-12-21 19:18:57] Git HEAD change detected: /Users/steveklabnik/Code/rue/work/.git/HEAD
[2025-12-21 19:18:58] Import triggered by file change
[2025-12-21 19:18:58] Starting auto-import...
[2025-12-21 19:18:58] Skipping auto-import: JSONL content unchanged
[2025-12-21 19:19:00] File change detected: /Users/steveklabnik/Code/rue/work/.beads/issues.jsonl (op: CHMOD)
[2025-12-21 19:19:01] Import triggered by file change
[2025-12-21 19:19:01] Starting auto-import...
[2025-12-21 19:19:01] Skipping auto-import: JSONL content unchanged
[2025-12-21 19:19:33] File change detected: /Users/steveklabnik/Code/rue/work/.beads/issues.jsonl (op: CHMOD)
[2025-12-21 19:19:34] Import triggered by file change
[2025-12-21 19:19:34] Starting auto-import...
[2025-12-21 19:19:34] Skipping auto-import: JSONL content unchanged
[2025-12-21 19:19:37] Git HEAD change detected: /Users/steveklabnik/Code/rue/work/.git/HEAD
[2025-12-21 19:19:38] Import triggered by file change
[2025-12-21 19:19:38] Starting auto-import...
[2025-12-21 19:19:38] Skipping auto-import: JSONL content unchanged
[2025-12-21 19:19:38] File change detected: /Users/steveklabnik/Code/rue/work/.beads/issues.jsonl (op: CHMOD)
[2025-12-21 19:19:39] Import triggered by file change
[2025-12-21 19:19:39] Starting auto-import...
[2025-12-21 19:19:39] Skipping auto-import: JSONL content unchanged
[2025-12-21 19:20:03] File change detected: /Users/steveklabnik/Code/rue/work/.beads/issues.jsonl (op: CHMOD)
[2025-12-21 19:20:04] Import triggered by file change
[2025-12-21 19:20:04] Starting auto-import...
[2025-12-21 19:20:04] Skipping auto-import: JSONL content unchanged
[2025-12-21 19:20:10] File change detected: /Users/steveklabnik/Code/rue/work/.beads/issues.jsonl (op: CHMOD)
[2025-12-21 19:20:11] Import triggered by file change
[2025-12-21 19:20:11] Starting auto-import...
[2025-12-21 19:20:11] Skipping auto-import: JSONL content unchanged
[2025-12-21 19:21:57] File change detected: /Users/steveklabnik/Code/rue/work/.beads/issues.jsonl (op: CHMOD)
[2025-12-21 19:21:58] Import triggered by file change
[2025-12-21 19:21:58] Starting auto-import...
[2025-12-21 19:21:58] Skipping auto-import: JSONL content unchanged
[2025-12-21 19:22:27] File change detected: /Users/steveklabnik/Code/rue/work/.beads/issues.jsonl (op: CHMOD)
[2025-12-21 19:22:28] Import triggered by file change
[2025-12-21 19:22:28] Starting auto-import...
[2025-12-21 19:22:28] Skipping auto-import: JSONL content unchanged
[2025-12-21 19:23:23] File change detected: /Users/steveklabnik/Code/rue/work/.beads/issues.jsonl (op: CHMOD)
[2025-12-21 19:23:24] Import triggered by file change
[2025-12-21 19:23:24] Starting auto-import...
[2025-12-21 19:23:24] Skipping auto-import: JSONL content unchanged
[2025-12-21 19:23:33] File change detected: /Users/steveklabnik/Code/rue/work/.beads/issues.jsonl (op: CHMOD)
[2025-12-21 19:23:34] Import triggered by file change
[2025-12-21 19:23:34] Starting auto-import...
[2025-12-21 19:23:34] Skipping auto-import: JSONL content unchanged
[2025-12-21 19:23:40] File change detected: /Users/steveklabnik/Code/rue/work/.beads/issues.jsonl (op: CHMOD)
[2025-12-21 19:23:41] Import triggered by file change
[2025-12-21 19:23:41] Starting auto-import...
[2025-12-21 19:23:41] Skipping auto-import: JSONL content unchanged
[2025-12-21 19:23:48] Git HEAD change detected: /Users/steveklabnik/Code/rue/work/.git/HEAD
[2025-12-21 19:23:49] Import triggered by file change
[2025-12-21 19:23:49] Starting auto-import...
[2025-12-21 19:23:49] Skipping auto-import: JSONL content unchanged
[2025-12-21 19:23:49] File change detected: /Users/steveklabnik/Code/rue/work/.beads/issues.jsonl (op: CHMOD)
[2025-12-21 19:23:50] Import triggered by file change
[2025-12-21 19:23:50] Starting auto-import...
[2025-12-21 19:23:50] Skipping auto-import: JSONL content unchanged
[2025-12-21 19:23:54] File change detected: /Users/steveklabnik/Code/rue/work/.beads/issues.jsonl (op: CHMOD)
[2025-12-21 19:23:55] Import triggered by file change
[2025-12-21 19:23:55] Starting auto-import...
[2025-12-21 19:23:55] Skipping auto-import: JSONL content unchanged
[2025-12-21 19:24:11] File change detected: /Users/steveklabnik/Code/rue/work/.beads/issues.jsonl (op: CHMOD)
[2025-12-21 19:24:12] Import triggered by file change
[2025-12-21 19:24:12] Starting auto-import...
[2025-12-21 19:24:12] Skipping auto-import: JSONL content unchanged
[2025-12-21 19:24:16] File change detected: /Users/steveklabnik/Code/rue/work/.beads/issues.jsonl (op: CHMOD)
[2025-12-21 19:24:17] Import triggered by file change
[2025-12-21 19:24:17] Starting auto-import...
[2025-12-21 19:24:17] Skipping auto-import: JSONL content unchanged
[2025-12-21 19:24:21] File change detected: /Users/steveklabnik/Code/rue/work/.beads/issues.jsonl (op: CHMOD)
[2025-12-21 19:24:22] Import triggered by file change
[2025-12-21 19:24:22] Starting auto-import...
[2025-12-21 19:24:22] Skipping auto-import: JSONL content unchanged
[2025-12-21 19:24:31] Git HEAD change detected: /Users/steveklabnik/Code/rue/work/.git/HEAD
[2025-12-21 19:24:32] Import triggered by file change
[2025-12-21 19:24:32] Starting auto-import...
[2025-12-21 19:24:32] Skipping auto-import: JSONL content unchanged
[2025-12-21 19:24:33] File change detected: /Users/steveklabnik/Code/rue/work/.beads/issues.jsonl (op: CHMOD)
[2025-12-21 19:24:34] Import triggered by file change
[2025-12-21 19:24:34] Starting auto-import...
[2025-12-21 19:24:34] Skipping auto-import: JSONL content unchanged
[2025-12-21 19:24:48] File change detected: /Users/steveklabnik/Code/rue/work/.beads/issues.jsonl (op: CHMOD)
[2025-12-21 19:24:49] Import triggered by file change
[2025-12-21 19:24:49] Starting auto-import...
[2025-12-21 19:24:49] Skipping auto-import: JSONL content unchanged
[2025-12-21 19:26:03] File change detected: /Users/steveklabnik/Code/rue/work/.beads/issues.jsonl (op: CHMOD)
[2025-12-21 19:26:04] Import triggered by file change
[2025-12-21 19:26:04] Starting auto-import...
[2025-12-21 19:26:04] Skipping auto-import: JSONL content unchanged
[2025-12-21 19:26:10] File change detected: /Users/steveklabnik/Code/rue/work/.beads/issues.jsonl (op: CHMOD)
[2025-12-21 19:26:11] Import triggered by file change
[2025-12-21 19:26:11] Starting auto-import...
[2025-12-21 19:26:11] Skipping auto-import: JSONL content unchanged
[2025-12-21 19:27:52] File change detected: /Users/steveklabnik/Code/rue/work/.beads/issues.jsonl (op: CHMOD)
[2025-12-21 19:27:53] Import triggered by file change
[2025-12-21 19:27:53] Starting auto-import...
[2025-12-21 19:27:53] Skipping auto-import: JSONL content unchanged
[2025-12-21 19:28:57] Git HEAD change detected: /Users/steveklabnik/Code/rue/work/.git/HEAD
[2025-12-21 19:28:58] Import triggered by file change
[2025-12-21 19:28:58] Starting auto-import...
[2025-12-21 19:28:58] Skipping auto-import: JSONL content unchanged
[2025-12-21 19:28:58] File change detected: /Users/steveklabnik/Code/rue/work/.beads/issues.jsonl (op: CHMOD)
[2025-12-21 19:28:59] Import triggered by file change
[2025-12-21 19:28:59] Starting auto-import...
[2025-12-21 19:28:59] Skipping auto-import: JSONL content unchanged
[2025-12-21 19:29:03] File change detected: /Users/steveklabnik/Code/rue/work/.beads/issues.jsonl (op: CHMOD)
[2025-12-21 19:29:04] Import triggered by file change
[2025-12-21 19:29:04] Starting auto-import...
[2025-12-21 19:29:04] Skipping auto-import: JSONL content unchanged
[2025-12-21 19:29:12] File change detected: /Users/steveklabnik/Code/rue/work/.beads/issues.jsonl (op: CHMOD)
[2025-12-21 19:29:13] Import triggered by file change
[2025-12-21 19:29:13] Starting auto-import...
[2025-12-21 19:29:13] Skipping auto-import: JSONL content unchanged
[2025-12-21 19:29:26] Git HEAD change detected: /Users/steveklabnik/Code/rue/work/.git/HEAD
[2025-12-21 19:29:27] Import triggered by file change
[2025-12-21 19:29:27] Starting auto-import...
[2025-12-21 19:29:27] Skipping auto-import: JSONL content unchanged
[2025-12-21 19:29:27] File change detected: /Users/steveklabnik/Code/rue/work/.beads/issues.jsonl (op: CHMOD)
[2025-12-21 19:29:28] Import triggered by file change
[2025-12-21 19:29:28] Starting auto-import...
[2025-12-21 19:29:28] Skipping auto-import: JSONL content unchanged
[2025-12-21 19:33:10] File change detected: /Users/steveklabnik/Code/rue/work/.beads/issues.jsonl (op: CHMOD)
[2025-12-21 19:33:11] Import triggered by file change
[2025-12-21 19:33:11] Starting auto-import...
[2025-12-21 19:33:11] Skipping auto-import: JSONL content unchanged
[2025-12-21 19:33:19] File change detected: /Users/steveklabnik/Code/rue/work/.beads/issues.jsonl (op: CHMOD)
[2025-12-21 19:33:20] Import triggered by file change
[2025-12-21 19:33:20] Starting auto-import...
[2025-12-21 19:33:20] Skipping auto-import: JSONL content unchanged
[2025-12-21 19:33:24] File change detected: /Users/steveklabnik/Code/rue/work/.beads/issues.jsonl (op: CHMOD)
[2025-12-21 19:33:25] Import triggered by file change
[2025-12-21 19:33:25] Starting auto-import...
[2025-12-21 19:33:25] Skipping auto-import: JSONL content unchanged
[2025-12-21 19:33:29] File change detected: /Users/steveklabnik/Code/rue/work/.beads/issues.jsonl (op: CHMOD)
[2025-12-21 19:33:30] Import triggered by file change
[2025-12-21 19:33:30] Starting auto-import...
[2025-12-21 19:33:30] Skipping auto-import: JSONL content unchanged
[2025-12-21 19:33:33] Git HEAD change detected: /Users/steveklabnik/Code/rue/work/.git/HEAD
[2025-12-21 19:33:33] JSONL removed/renamed, re-establishing watch
[2025-12-21 19:33:33] Successfully re-established JSONL watch after 50ms
[2025-12-21 19:33:33] JSONL file created: /Users/steveklabnik/Code/rue/work/.beads/issues.jsonl
[2025-12-21 19:33:34] Import triggered by file change
[2025-12-21 19:33:34] Starting auto-import...
[2025-12-21 19:33:34] JSONL content changed, proceeding with auto-import...
[2025-12-21 19:33:34] File change detected: /Users/steveklabnik/Code/rue/work/.beads/issues.jsonl (op: CHMOD)
[2025-12-21 19:33:34] Pull failed: failed to get current branch: exit status 128
[2025-12-21 19:33:35] Import triggered by file change
[2025-12-21 19:33:35] Starting auto-import...
[2025-12-21 19:33:35] JSONL content changed, proceeding with auto-import...
[2025-12-21 19:33:35] Pull failed: failed to get current branch: exit status 128
[2025-12-21 19:33:36] Git HEAD change detected: /Users/steveklabnik/Code/rue/work/.git/HEAD
[2025-12-21 19:33:36] JSONL removed/renamed, re-establishing watch
[2025-12-21 19:33:36] Successfully re-established JSONL watch after 50ms
[2025-12-21 19:33:36] JSONL file created: /Users/steveklabnik/Code/rue/work/.beads/issues.jsonl
[2025-12-21 19:33:37] Import triggered by file change
[2025-12-21 19:33:37] Starting auto-import...
[2025-12-21 19:33:37] JSONL content changed, proceeding with auto-import...
[2025-12-21 19:33:37] ⚠️  WARNING: Uncommitted local changes detected in /Users/steveklabnik/Code/rue/work/.beads/issues.jsonl
[2025-12-21 19:33:37]    Pulling from remote may overwrite local unpushed changes.
[2025-12-21 19:33:37]    Consider running 'bd sync' to commit and push your changes first.
[2025-12-21 19:33:37] Pull failed: failed to get current branch: exit status 128
[2025-12-21 19:33:56] File change detected: /Users/steveklabnik/Code/rue/work/.beads/issues.jsonl (op: CHMOD)
[2025-12-21 19:33:56] File change detected: /Users/steveklabnik/Code/rue/work/.beads/issues.jsonl (op: CHMOD)
[2025-12-21 19:33:56] File change detected: /Users/steveklabnik/Code/rue/work/.beads/issues.jsonl (op: WRITE|CHMOD)
[2025-12-21 19:33:57] Import triggered by file change
[2025-12-21 19:33:57] Starting auto-import...
[2025-12-21 19:33:57] Skipping auto-import: JSONL content unchanged
[2025-12-21 19:34:00] Git HEAD change detected: /Users/steveklabnik/Code/rue/work/.git/HEAD
[2025-12-21 19:34:01] Import triggered by file change
[2025-12-21 19:34:01] Starting auto-import...
[2025-12-21 19:34:01] Skipping auto-import: JSONL content unchanged
[2025-12-21 19:34:04] File change detected: /Users/steveklabnik/Code/rue/work/.beads/issues.jsonl (op: CHMOD)
[2025-12-21 19:34:05] Import triggered by file change
[2025-12-21 19:34:05] Starting auto-import...
[2025-12-21 19:34:05] Skipping auto-import: JSONL content unchanged
[2025-12-21 19:34:09] File change detected: /Users/steveklabnik/Code/rue/work/.beads/issues.jsonl (op: CHMOD)
[2025-12-21 19:34:10] Import triggered by file change
[2025-12-21 19:34:10] Starting auto-import...
[2025-12-21 19:34:10] Skipping auto-import: JSONL content unchanged
[2025-12-21 19:34:14] File change detected: /Users/steveklabnik/Code/rue/work/.beads/issues.jsonl (op: CHMOD)
[2025-12-21 19:34:15] Import triggered by file change
[2025-12-21 19:34:15] Starting auto-import...
[2025-12-21 19:34:15] Skipping auto-import: JSONL content unchanged
[2025-12-21 19:35:56] File change detected: /Users/steveklabnik/Code/rue/work/.beads/issues.jsonl (op: CHMOD)
[2025-12-21 19:35:57] Import triggered by file change
[2025-12-21 19:35:57] Starting auto-import...
[2025-12-21 19:35:57] Skipping auto-import: JSONL content unchanged
[2025-12-21 19:39:05] File change detected: /Users/steveklabnik/Code/rue/work/.beads/issues.jsonl (op: CHMOD)
[2025-12-21 19:39:06] Import triggered by file change
[2025-12-21 19:39:06] Starting auto-import...
[2025-12-21 19:39:06] Skipping auto-import: JSONL content unchanged
[2025-12-21 19:41:46] File change detected: /Users/steveklabnik/Code/rue/work/.beads/issues.jsonl (op: CHMOD)
[2025-12-21 19:41:47] Import triggered by file change
[2025-12-21 19:41:47] Starting auto-import...
[2025-12-21 19:41:47] Skipping auto-import: JSONL content unchanged
[2025-12-21 19:41:58] Git HEAD change detected: /Users/steveklabnik/Code/rue/work/.git/HEAD
[2025-12-21 19:41:58] JSONL removed/renamed, re-establishing watch
[2025-12-21 19:41:58] Successfully re-established JSONL watch after 50ms
[2025-12-21 19:41:58] JSONL file created: /Users/steveklabnik/Code/rue/work/.beads/issues.jsonl
[2025-12-21 19:41:59] Import triggered by file change
[2025-12-21 19:41:59] Starting auto-import...
[2025-12-21 19:41:59] JSONL content changed, proceeding with auto-import...
[2025-12-21 19:41:59] File change detected: /Users/steveklabnik/Code/rue/work/.beads/issues.jsonl (op: CHMOD)
[2025-12-21 19:41:59] Pull failed: failed to get current branch: exit status 128
[2025-12-21 19:42:00] Import triggered by file change
[2025-12-21 19:42:00] Starting auto-import...
[2025-12-21 19:42:00] JSONL content changed, proceeding with auto-import...
[2025-12-21 19:42:00] Pull failed: failed to get current branch: exit status 128
[2025-12-21 19:42:07] Git HEAD change detected: /Users/steveklabnik/Code/rue/work/.git/HEAD
[2025-12-21 19:42:07] JSONL removed/renamed, re-establishing watch
[2025-12-21 19:42:07] Successfully re-established JSONL watch after 50ms
[2025-12-21 19:42:07] JSONL file created: /Users/steveklabnik/Code/rue/work/.beads/issues.jsonl
[2025-12-21 19:42:08] File change detected: /Users/steveklabnik/Code/rue/work/.beads/issues.jsonl (op: CHMOD)
[2025-12-21 19:42:08] Import triggered by file change
[2025-12-21 19:42:08] Starting auto-import...
[2025-12-21 19:42:08] Skipping auto-import: JSONL content unchanged
[2025-12-21 19:42:09] Import triggered by file change
[2025-12-21 19:42:09] Starting auto-import...
[2025-12-21 19:42:09] Skipping auto-import: JSONL content unchanged
[2025-12-21 19:42:47] File change detected: /Users/steveklabnik/Code/rue/work/.beads/issues.jsonl (op: CHMOD)
[2025-12-21 19:42:48] Import triggered by file change
[2025-12-21 19:42:48] Starting auto-import...
[2025-12-21 19:42:48] Skipping auto-import: JSONL content unchanged
[2025-12-21 19:44:04] File change detected: /Users/steveklabnik/Code/rue/work/.beads/issues.jsonl (op: CHMOD)
[2025-12-21 19:44:05] Import triggered by file change
[2025-12-21 19:44:05] Starting auto-import...
[2025-12-21 19:44:05] Skipping auto-import: JSONL content unchanged
[2025-12-21 19:45:18] File change detected: /Users/steveklabnik/Code/rue/work/.beads/issues.jsonl (op: CHMOD)
[2025-12-21 19:45:19] Import triggered by file change
[2025-12-21 19:45:19] Starting auto-import...
[2025-12-21 19:45:19] Skipping auto-import: JSONL content unchanged
[2025-12-21 19:48:26] File change detected: /Users/steveklabnik/Code/rue/work/.beads/issues.jsonl (op: CHMOD)
[2025-12-21 19:48:27] Import triggered by file change
[2025-12-21 19:48:27] Starting auto-import...
[2025-12-21 19:48:27] Skipping auto-import: JSONL content unchanged
[2025-12-21 22:53:04] Git HEAD change detected: /Users/steveklabnik/Code/rue/work/.git/HEAD
[2025-12-21 22:53:04] JSONL removed/renamed, re-establishing watch
[2025-12-21 22:53:04] Successfully re-established JSONL watch after 50ms
[2025-12-21 22:53:04] JSONL file created: /Users/steveklabnik/Code/rue/work/.beads/issues.jsonl
[2025-12-21 22:53:05] File change detected: /Users/steveklabnik/Code/rue/work/.beads/issues.jsonl (op: CHMOD)
[2025-12-21 22:53:06] Import triggered by file change
[2025-12-21 22:53:06] Starting auto-import...
[2025-12-21 22:53:06] JSONL content changed, proceeding with auto-import...
[2025-12-21 22:53:06] File change detected: /Users/steveklabnik/Code/rue/work/.beads/issues.jsonl (op: CHMOD)
[2025-12-21 22:53:06] Pull failed: failed to get current branch: exit status 128
[2025-12-21 22:53:07] Import triggered by file change
[2025-12-21 22:53:07] Starting auto-import...
[2025-12-21 22:53:07] JSONL content changed, proceeding with auto-import...
[2025-12-21 22:53:07] Pull failed: failed to get current branch: exit status 128
[2025-12-21 23:23:59] Mutation detected: create tree1-s0m
[2025-12-21 23:23:59] Export triggered by mutation events
[2025-12-21 23:23:59] Starting export...
[2025-12-21 23:23:59] Exported to JSONL
[2025-12-21 23:23:59] JSONL removed/renamed, re-establishing watch
[2025-12-21 23:23:59] Export complete
[2025-12-21 23:23:59] Successfully re-established JSONL watch after 50ms
[2025-12-21 23:23:59] JSONL file created: /Users/steveklabnik/Code/rue/work/.beads/issues.jsonl
[2025-12-21 23:24:00] Import triggered by file change
[2025-12-21 23:24:00] Starting auto-import...
[2025-12-21 23:24:00] Skipping auto-import: JSONL content unchanged
[2025-12-21 23:24:10] Mutation detected: update tree1-s0m
[2025-12-21 23:24:10] Export triggered by mutation events
[2025-12-21 23:24:10] Starting export...
[2025-12-21 23:24:10] Exported to JSONL
[2025-12-21 23:24:10] JSONL removed/renamed, re-establishing watch
[2025-12-21 23:24:10] Export complete
[2025-12-21 23:24:11] Successfully re-established JSONL watch after 50ms
[2025-12-21 23:24:11] JSONL file created: /Users/steveklabnik/Code/rue/work/.beads/issues.jsonl
[2025-12-21 23:24:12] Import triggered by file change
[2025-12-21 23:24:12] Starting auto-import...
[2025-12-21 23:24:12] Skipping auto-import: JSONL content unchanged
[2025-12-21 23:24:19] Mutation detected: create tree1-s0m.1
[2025-12-21 23:24:20] Export triggered by mutation events
[2025-12-21 23:24:20] Starting export...
[2025-12-21 23:24:20] Exported to JSONL
[2025-12-21 23:24:20] JSONL removed/renamed, re-establishing watch
[2025-12-21 23:24:20] Export complete
[2025-12-21 23:24:20] Successfully re-established JSONL watch after 50ms
[2025-12-21 23:24:20] JSONL file created: /Users/steveklabnik/Code/rue/work/.beads/issues.jsonl
[2025-12-21 23:24:21] Import triggered by file change
[2025-12-21 23:24:21] Starting auto-import...
[2025-12-21 23:24:21] Skipping auto-import: JSONL content unchanged
[2025-12-21 23:24:27] Mutation detected: create tree1-s0m.2
[2025-12-21 23:24:27] Export triggered by mutation events
[2025-12-21 23:24:27] Starting export...
[2025-12-21 23:24:27] Exported to JSONL
[2025-12-21 23:24:27] JSONL removed/renamed, re-establishing watch
[2025-12-21 23:24:27] Export complete
[2025-12-21 23:24:27] Successfully re-established JSONL watch after 50ms
[2025-12-21 23:24:27] JSONL file created: /Users/steveklabnik/Code/rue/work/.beads/issues.jsonl
[2025-12-21 23:24:28] Import triggered by file change
[2025-12-21 23:24:28] Starting auto-import...
[2025-12-21 23:24:28] Skipping auto-import: JSONL content unchanged
[2025-12-21 23:24:36] Mutation detected: create tree1-s0m.3
[2025-12-21 23:24:36] Export triggered by mutation events
[2025-12-21 23:24:36] Starting export...
[2025-12-21 23:24:36] Exported to JSONL
[2025-12-21 23:24:36] JSONL removed/renamed, re-establishing watch
[2025-12-21 23:24:36] Export complete
[2025-12-21 23:24:36] Successfully re-established JSONL watch after 50ms
[2025-12-21 23:24:36] JSONL file created: /Users/steveklabnik/Code/rue/work/.beads/issues.jsonl
[2025-12-21 23:24:37] Import triggered by file change
[2025-12-21 23:24:37] Starting auto-import...
[2025-12-21 23:24:37] Skipping auto-import: JSONL content unchanged
[2025-12-21 23:24:43] Mutation detected: create tree1-s0m.4
[2025-12-21 23:24:43] Export triggered by mutation events
[2025-12-21 23:24:43] Starting export...
[2025-12-21 23:24:43] Exported to JSONL
[2025-12-21 23:24:43] JSONL removed/renamed, re-establishing watch
[2025-12-21 23:24:43] Export complete
[2025-12-21 23:24:44] Successfully re-established JSONL watch after 50ms
[2025-12-21 23:24:44] JSONL file created: /Users/steveklabnik/Code/rue/work/.beads/issues.jsonl
[2025-12-21 23:24:45] Import triggered by file change
[2025-12-21 23:24:45] Starting auto-import...
[2025-12-21 23:24:45] Skipping auto-import: JSONL content unchanged
[2025-12-21 23:24:52] Mutation detected: create tree1-s0m.5
[2025-12-21 23:24:53] Export triggered by mutation events
[2025-12-21 23:24:53] Starting export...
[2025-12-21 23:24:53] Exported to JSONL
[2025-12-21 23:24:53] JSONL removed/renamed, re-establishing watch
[2025-12-21 23:24:53] Export complete
[2025-12-21 23:24:53] Successfully re-established JSONL watch after 50ms
[2025-12-21 23:24:53] JSONL file created: /Users/steveklabnik/Code/rue/work/.beads/issues.jsonl
[2025-12-21 23:24:54] Import triggered by file change
[2025-12-21 23:24:54] Starting auto-import...
[2025-12-21 23:24:54] Skipping auto-import: JSONL content unchanged
[2025-12-21 23:25:01] Mutation detected: create tree1-s0m.6
[2025-12-21 23:25:01] Export triggered by mutation events
[2025-12-21 23:25:01] Starting export...
[2025-12-21 23:25:01] Exported to JSONL
[2025-12-21 23:25:01] JSONL removed/renamed, re-establishing watch
[2025-12-21 23:25:01] Export complete
[2025-12-21 23:25:01] Successfully re-established JSONL watch after 50ms
[2025-12-21 23:25:01] JSONL file created: /Users/steveklabnik/Code/rue/work/.beads/issues.jsonl
[2025-12-21 23:25:02] Import triggered by file change
[2025-12-21 23:25:02] Starting auto-import...
[2025-12-21 23:25:02] Skipping auto-import: JSONL content unchanged
[2025-12-21 23:25:09] Mutation detected: create tree1-s0m.7
[2025-12-21 23:25:10] Export triggered by mutation events
[2025-12-21 23:25:10] Starting export...
[2025-12-21 23:25:10] Exported to JSONL
[2025-12-21 23:25:10] JSONL removed/renamed, re-establishing watch
[2025-12-21 23:25:10] Export complete
[2025-12-21 23:25:10] Successfully re-established JSONL watch after 50ms
[2025-12-21 23:25:10] JSONL file created: /Users/steveklabnik/Code/rue/work/.beads/issues.jsonl
[2025-12-21 23:25:11] Import triggered by file change
[2025-12-21 23:25:11] Starting auto-import...
[2025-12-21 23:25:11] Skipping auto-import: JSONL content unchanged
[2025-12-21 23:25:19] Mutation detected: create tree1-s0m.8
[2025-12-21 23:25:19] Export triggered by mutation events
[2025-12-21 23:25:19] Starting export...
[2025-12-21 23:25:19] Exported to JSONL
[2025-12-21 23:25:19] JSONL removed/renamed, re-establishing watch
[2025-12-21 23:25:19] Export complete
[2025-12-21 23:25:19] Successfully re-established JSONL watch after 50ms
[2025-12-21 23:25:19] JSONL file created: /Users/steveklabnik/Code/rue/work/.beads/issues.jsonl
[2025-12-21 23:25:20] Import triggered by file change
[2025-12-21 23:25:20] Starting auto-import...
[2025-12-21 23:25:20] Skipping auto-import: JSONL content unchanged
[2025-12-21 23:25:25] Mutation detected: update tree1-5ij
[2025-12-21 23:25:25] Export triggered by mutation events
[2025-12-21 23:25:25] Starting export...
[2025-12-21 23:25:25] Exported to JSONL
[2025-12-21 23:25:25] JSONL removed/renamed, re-establishing watch
[2025-12-21 23:25:25] Export complete
[2025-12-21 23:25:26] Successfully re-established JSONL watch after 50ms
[2025-12-21 23:25:26] JSONL file created: /Users/steveklabnik/Code/rue/work/.beads/issues.jsonl
[2025-12-21 23:25:27] Import triggered by file change
[2025-12-21 23:25:27] Starting auto-import...
[2025-12-21 23:25:27] Skipping auto-import: JSONL content unchanged
[2025-12-21 23:25:36] Mutation detected: update tree1-s0m
[2025-12-21 23:25:36] Export triggered by mutation events
[2025-12-21 23:25:36] Starting export...
[2025-12-21 23:25:36] Exported to JSONL
[2025-12-21 23:25:36] Export complete
[2025-12-21 23:25:36] JSONL removed/renamed, re-establishing watch
[2025-12-21 23:25:36] Successfully re-established JSONL watch after 50ms
[2025-12-21 23:25:36] JSONL file created: /Users/steveklabnik/Code/rue/work/.beads/issues.jsonl
[2025-12-21 23:25:37] Import triggered by file change
[2025-12-21 23:25:37] Starting auto-import...
[2025-12-21 23:25:37] Skipping auto-import: JSONL content unchanged
[2025-12-21 23:28:20] Mutation detected: update tree1-s0m.1
[2025-12-21 23:28:20] Mutation detected: update tree1-s0m.2
[2025-12-21 23:28:20] Export triggered by mutation events
[2025-12-21 23:28:20] Starting export...
[2025-12-21 23:28:21] Exported to JSONL
[2025-12-21 23:28:21] JSONL removed/renamed, re-establishing watch
[2025-12-21 23:28:21] Export complete
[2025-12-21 23:28:21] Successfully re-established JSONL watch after 50ms
[2025-12-21 23:28:21] JSONL file created: /Users/steveklabnik/Code/rue/work/.beads/issues.jsonl
[2025-12-21 23:28:22] Import triggered by file change
[2025-12-21 23:28:22] Starting auto-import...
[2025-12-21 23:28:22] Skipping auto-import: JSONL content unchanged
[2025-12-21 23:28:43] Mutation detected: update tree1-s0m.3
[2025-12-21 23:28:44] Export triggered by mutation events
[2025-12-21 23:28:44] Starting export...
[2025-12-21 23:28:44] Exported to JSONL
[2025-12-21 23:28:44] JSONL removed/renamed, re-establishing watch
[2025-12-21 23:28:44] Export complete
[2025-12-21 23:28:44] Successfully re-established JSONL watch after 50ms
[2025-12-21 23:28:44] JSONL file created: /Users/steveklabnik/Code/rue/work/.beads/issues.jsonl
[2025-12-21 23:28:45] Import triggered by file change
[2025-12-21 23:28:45] Starting auto-import...
[2025-12-21 23:28:45] Skipping auto-import: JSONL content unchanged
[2025-12-21 23:34:52] Mutation detected: update tree1-s0m.3
[2025-12-21 23:34:52] Export triggered by mutation events
[2025-12-21 23:34:52] Starting export...
[2025-12-21 23:34:52] Exported to JSONL
[2025-12-21 23:34:52] JSONL removed/renamed, re-establishing watch
[2025-12-21 23:34:52] Export complete
[2025-12-21 23:34:52] Successfully re-established JSONL watch after 50ms
[2025-12-21 23:34:52] JSONL file created: /Users/steveklabnik/Code/rue/work/.beads/issues.jsonl
[2025-12-21 23:34:53] Import triggered by file change
[2025-12-21 23:34:53] Starting auto-import...
[2025-12-21 23:34:53] Skipping auto-import: JSONL content unchanged
[2025-12-21 23:34:57] Mutation detected: update tree1-s0m.4
[2025-12-21 23:34:58] Mutation detected: update tree1-s0m.5
[2025-12-21 23:34:58] Export triggered by mutation events
[2025-12-21 23:34:58] Starting export...
[2025-12-21 23:34:58] Exported to JSONL
[2025-12-21 23:34:58] JSONL removed/renamed, re-establishing watch
[2025-12-21 23:34:58] Export complete
[2025-12-21 23:34:58] Successfully re-established JSONL watch after 50ms
[2025-12-21 23:34:58] JSONL file created: /Users/steveklabnik/Code/rue/work/.beads/issues.jsonl
[2025-12-21 23:34:59] Import triggered by file change
[2025-12-21 23:34:59] Starting auto-import...
[2025-12-21 23:34:59] Skipping auto-import: JSONL content unchanged
[2025-12-21 23:44:54] Mutation detected: update tree1-s0m.4
[2025-12-21 23:44:54] Mutation detected: update tree1-s0m.5
[2025-12-21 23:44:54] Export triggered by mutation events
[2025-12-21 23:44:54] Starting export...
[2025-12-21 23:44:54] Exported to JSONL
[2025-12-21 23:44:54] JSONL removed/renamed, re-establishing watch
[2025-12-21 23:44:54] Export complete
[2025-12-21 23:44:54] Successfully re-established JSONL watch after 50ms
[2025-12-21 23:44:54] JSONL file created: /Users/steveklabnik/Code/rue/work/.beads/issues.jsonl
[2025-12-21 23:44:55] Import triggered by file change
[2025-12-21 23:44:55] Starting auto-import...
[2025-12-21 23:44:55] Skipping auto-import: JSONL content unchanged
[2025-12-21 23:45:10] Mutation detected: update tree1-s0m.6
[2025-12-21 23:45:10] Export triggered by mutation events
[2025-12-21 23:45:10] Starting export...
[2025-12-21 23:45:10] Exported to JSONL
[2025-12-21 23:45:10] JSONL removed/renamed, re-establishing watch
[2025-12-21 23:45:10] Export complete
[2025-12-21 23:45:10] Successfully re-established JSONL watch after 50ms
[2025-12-21 23:45:10] JSONL file created: /Users/steveklabnik/Code/rue/work/.beads/issues.jsonl
[2025-12-21 23:45:11] Import triggered by file change
[2025-12-21 23:45:11] Starting auto-import...
[2025-12-21 23:45:11] Skipping auto-import: JSONL content unchanged
[2025-12-22 00:02:23] Mutation detected: update tree1-s0m.1
[2025-12-22 00:02:24] Export triggered by mutation events
[2025-12-22 00:02:24] Starting export...
[2025-12-22 00:02:24] Exported to JSONL
[2025-12-22 00:02:24] JSONL removed/renamed, re-establishing watch
[2025-12-22 00:02:24] Export complete
[2025-12-22 00:02:24] Successfully re-established JSONL watch after 50ms
[2025-12-22 00:02:24] JSONL file created: /Users/steveklabnik/Code/rue/work/.beads/issues.jsonl
[2025-12-22 00:02:24] Mutation detected: update tree1-s0m.2
[2025-12-22 00:02:25] Import triggered by file change
[2025-12-22 00:02:25] Starting auto-import...
[2025-12-22 00:02:25] Skipping auto-import: JSONL content unchanged
[2025-12-22 00:02:25] Export triggered by mutation events
[2025-12-22 00:02:25] Starting export...
[2025-12-22 00:02:25] Exported to JSONL
[2025-12-22 00:02:25] JSONL removed/renamed, re-establishing watch
[2025-12-22 00:02:25] Export complete
[2025-12-22 00:02:25] Successfully re-established JSONL watch after 50ms
[2025-12-22 00:02:25] JSONL file created: /Users/steveklabnik/Code/rue/work/.beads/issues.jsonl
[2025-12-22 00:02:26] Mutation detected: update tree1-s0m.3
[2025-12-22 00:02:26] Import triggered by file change
[2025-12-22 00:02:26] Starting auto-import...
[2025-12-22 00:02:26] Skipping auto-import: JSONL content unchanged
[2025-12-22 00:02:26] Export triggered by mutation events
[2025-12-22 00:02:26] Starting export...
[2025-12-22 00:02:26] Exported to JSONL
[2025-12-22 00:02:26] JSONL removed/renamed, re-establishing watch
[2025-12-22 00:02:26] Export complete
[2025-12-22 00:02:26] Successfully re-established JSONL watch after 50ms
[2025-12-22 00:02:26] JSONL file created: /Users/steveklabnik/Code/rue/work/.beads/issues.jsonl
[2025-12-22 00:02:27] Mutation detected: update tree1-s0m.4
[2025-12-22 00:02:27] Import triggered by file change
[2025-12-22 00:02:27] Starting auto-import...
[2025-12-22 00:02:27] Skipping auto-import: JSONL content unchanged
[2025-12-22 00:02:27] Export triggered by mutation events
[2025-12-22 00:02:27] Starting export...
[2025-12-22 00:02:27] Exported to JSONL
[2025-12-22 00:02:27] JSONL removed/renamed, re-establishing watch
[2025-12-22 00:02:27] Export complete
[2025-12-22 00:02:27] Successfully re-established JSONL watch after 50ms
[2025-12-22 00:02:27] JSONL file created: /Users/steveklabnik/Code/rue/work/.beads/issues.jsonl
[2025-12-22 00:02:28] Mutation detected: update tree1-s0m.5
[2025-12-22 00:02:28] Export triggered by mutation events
[2025-12-22 00:02:28] Starting export...
[2025-12-22 00:02:28] Exported to JSONL
[2025-12-22 00:02:28] JSONL removed/renamed, re-establishing watch
[2025-12-22 00:02:28] Export complete
[2025-12-22 00:02:28] Successfully re-established JSONL watch after 50ms
[2025-12-22 00:02:28] JSONL file created: /Users/steveklabnik/Code/rue/work/.beads/issues.jsonl
[2025-12-22 00:02:28] Import triggered by file change
[2025-12-22 00:02:28] Starting auto-import...
[2025-12-22 00:02:28] Skipping auto-import: JSONL content unchanged
[2025-12-22 00:02:29] Import triggered by file change
[2025-12-22 00:02:29] Starting auto-import...
[2025-12-22 00:02:29] Skipping auto-import: JSONL content unchanged
[2025-12-22 00:03:58] JSONL removed/renamed, re-establishing watch
[2025-12-22 00:03:58] Successfully re-established JSONL watch after 50ms
[2025-12-22 00:03:58] JSONL file created: /Users/steveklabnik/Code/rue/work/.beads/issues.jsonl
[2025-12-22 00:03:59] Import triggered by file change
[2025-12-22 00:03:59] Starting auto-import...
[2025-12-22 00:03:59] JSONL content changed, proceeding with auto-import...
[2025-12-22 00:03:59] File change detected: /Users/steveklabnik/Code/rue/work/.beads/issues.jsonl (op: CHMOD)
[2025-12-22 00:03:59] Pull failed: failed to get current branch: exit status 128
[2025-12-22 00:04:00] Import triggered by file change
[2025-12-22 00:04:00] Starting auto-import...
[2025-12-22 00:04:00] JSONL content changed, proceeding with auto-import...
[2025-12-22 00:04:00] Pull failed: failed to get current branch: exit status 128
[2025-12-22 19:53:01] Git HEAD change detected: /Users/steveklabnik/Code/rue/work/.git/HEAD
[2025-12-22 19:53:01] JSONL removed/renamed, re-establishing watch
[2025-12-22 19:53:01] Successfully re-established JSONL watch after 50ms
[2025-12-22 19:53:01] JSONL file created: /Users/steveklabnik/Code/rue/work/.beads/issues.jsonl
[2025-12-22 19:53:02] File change detected: /Users/steveklabnik/Code/rue/work/.beads/issues.jsonl (op: CHMOD)
[2025-12-22 19:53:02] Import triggered by file change
[2025-12-22 19:53:02] Starting auto-import...
[2025-12-22 19:53:02] JSONL content changed, proceeding with auto-import...
[2025-12-22 19:53:02] File change detected: /Users/steveklabnik/Code/rue/work/.beads/issues.jsonl (op: CHMOD)
[2025-12-22 19:53:02] Pull failed: failed to get current branch: exit status 128
[2025-12-22 19:53:03] Import triggered by file change
[2025-12-22 19:53:03] Starting auto-import...
[2025-12-22 19:53:03] JSONL content changed, proceeding with auto-import...
[2025-12-22 19:53:03] Pull failed: failed to get current branch: exit status 128
[2025-12-22 19:56:13] Git HEAD change detected: /Users/steveklabnik/Code/rue/work/.git/HEAD
[2025-12-22 19:56:14] Import triggered by file change
[2025-12-22 19:56:14] Starting auto-import...
[2025-12-22 19:56:14] JSONL content changed, proceeding with auto-import...
[2025-12-22 19:56:14] Pull failed: failed to get current branch: exit status 128
[2025-12-22 20:01:03] Git HEAD change detected: /Users/steveklabnik/Code/rue/work/.git/HEAD
[2025-12-22 20:01:04] Import triggered by file change
[2025-12-22 20:01:04] Starting auto-import...
[2025-12-22 20:01:04] JSONL content changed, proceeding with auto-import...
[2025-12-22 20:01:04] Pull failed: failed to get current branch: exit status 128
[2025-12-22 20:06:29] Git HEAD change detected: /Users/steveklabnik/Code/rue/work/.git/HEAD
[2025-12-22 20:06:30] Import triggered by file change
[2025-12-22 20:06:30] Starting auto-import...
[2025-12-22 20:06:30] JSONL content changed, proceeding with auto-import...
[2025-12-22 20:06:30] Pull failed: failed to get current branch: exit status 128
[2025-12-22 20:19:01] Git HEAD change detected: /Users/steveklabnik/Code/rue/work/.git/HEAD
[2025-12-22 20:19:02] Import triggered by file change
[2025-12-22 20:19:02] Starting auto-import...
[2025-12-22 20:19:02] JSONL content changed, proceeding with auto-import...
[2025-12-22 20:19:02] Pull failed: failed to get current branch: exit status 128
[2025-12-22 20:46:51] Git HEAD change detected: /Users/steveklabnik/Code/rue/work/.git/HEAD
[2025-12-22 20:46:52] Import triggered by file change
[2025-12-22 20:46:52] Starting auto-import...
[2025-12-22 20:46:52] Skipping auto-import: JSONL content unchanged
[2025-12-22 20:50:21] Git HEAD change detected: /Users/steveklabnik/Code/rue/work/.git/HEAD
[2025-12-22 20:50:22] Import triggered by file change
[2025-12-22 20:50:22] Starting auto-import...
[2025-12-22 20:50:22] Skipping auto-import: JSONL content unchanged
[2025-12-22 20:58:31] Git HEAD change detected: /Users/steveklabnik/Code/rue/work/.git/HEAD
[2025-12-22 20:58:31] JSONL removed/renamed, re-establishing watch
[2025-12-22 20:58:31] Successfully re-established JSONL watch after 50ms
[2025-12-22 20:58:31] JSONL file created: /Users/steveklabnik/Code/rue/work/.beads/issues.jsonl
[2025-12-22 20:58:32] File change detected: /Users/steveklabnik/Code/rue/work/.beads/issues.jsonl (op: CHMOD)
[2025-12-22 20:58:33] Import triggered by file change
[2025-12-22 20:58:33] Starting auto-import...
[2025-12-22 20:58:33] JSONL content changed, proceeding with auto-import...
[2025-12-22 20:58:33] File change detected: /Users/steveklabnik/Code/rue/work/.beads/issues.jsonl (op: CHMOD)
[2025-12-22 20:58:33] Pull failed: failed to get current branch: exit status 128
[2025-12-22 20:58:34] Import triggered by file change
[2025-12-22 20:58:34] Starting auto-import...
[2025-12-22 20:58:34] JSONL content changed, proceeding with auto-import...
[2025-12-22 20:58:34] Pull failed: failed to get current branch: exit status 128
[2025-12-22 21:10:15] Git HEAD change detected: /Users/steveklabnik/Code/rue/work/.git/HEAD
[2025-12-22 21:10:16] Import triggered by file change
[2025-12-22 21:10:16] Starting auto-import...
[2025-12-22 21:10:16] Skipping auto-import: JSONL content unchanged
[2025-12-22 21:13:36] Mutation detected: create tree1-d3z
[2025-12-22 21:13:36] Export triggered by mutation events
[2025-12-22 21:13:36] Starting export...
[2025-12-22 21:13:36] Exported to JSONL
[2025-12-22 21:13:36] JSONL removed/renamed, re-establishing watch
[2025-12-22 21:13:36] Export complete
[2025-12-22 21:13:36] Successfully re-established JSONL watch after 50ms
[2025-12-22 21:13:36] JSONL file created: /Users/steveklabnik/Code/rue/work/.beads/issues.jsonl
[2025-12-22 21:13:37] Import triggered by file change
[2025-12-22 21:13:37] Starting auto-import...
[2025-12-22 21:13:37] Skipping auto-import: JSONL content unchanged
[2025-12-22 21:15:23] Mutation detected: update tree1-d3z
[2025-12-22 21:15:24] Export triggered by mutation events
[2025-12-22 21:15:24] Starting export...
[2025-12-22 21:15:24] Exported to JSONL
[2025-12-22 21:15:24] JSONL removed/renamed, re-establishing watch
[2025-12-22 21:15:24] Export complete
[2025-12-22 21:15:24] Successfully re-established JSONL watch after 50ms
[2025-12-22 21:15:24] JSONL file created: /Users/steveklabnik/Code/rue/work/.beads/issues.jsonl
[2025-12-22 21:15:25] Import triggered by file change
[2025-12-22 21:15:25] Starting auto-import...
[2025-12-22 21:15:25] Skipping auto-import: JSONL content unchanged
[2025-12-22 21:19:32] Git HEAD change detected: /Users/steveklabnik/Code/rue/work/.git/HEAD
[2025-12-22 21:19:33] Import triggered by file change
[2025-12-22 21:19:33] Starting auto-import...
[2025-12-22 21:19:33] Skipping auto-import: JSONL content unchanged
[2025-12-22 21:19:58] File change detected: /Users/steveklabnik/Code/rue/work/.beads/issues.jsonl (op: CHMOD)
[2025-12-22 21:19:59] Import triggered by file change
[2025-12-22 21:19:59] Starting auto-import...
[2025-12-22 21:19:59] Skipping auto-import: JSONL content unchanged
[2025-12-22 21:20:03] File change detected: /Users/steveklabnik/Code/rue/work/.beads/issues.jsonl (op: CHMOD)
[2025-12-22 21:20:04] Import triggered by file change
[2025-12-22 21:20:04] Starting auto-import...
[2025-12-22 21:20:04] Skipping auto-import: JSONL content unchanged
[2025-12-22 21:20:09] File change detected: /Users/steveklabnik/Code/rue/work/.beads/issues.jsonl (op: CHMOD)
[2025-12-22 21:20:10] Git HEAD change detected: /Users/steveklabnik/Code/rue/work/.git/HEAD
[2025-12-22 21:20:11] Import triggered by file change
[2025-12-22 21:20:11] Starting auto-import...
[2025-12-22 21:20:11] Skipping auto-import: JSONL content unchanged
[2025-12-22 21:20:15] File change detected: /Users/steveklabnik/Code/rue/work/.beads/issues.jsonl (op: CHMOD)
[2025-12-22 21:20:16] Import triggered by file change
[2025-12-22 21:20:16] Starting auto-import...
[2025-12-22 21:20:16] Skipping auto-import: JSONL content unchanged
[2025-12-22 21:20:23] Git HEAD change detected: /Users/steveklabnik/Code/rue/work/.git/HEAD
[2025-12-22 21:20:24] Import triggered by file change
[2025-12-22 21:20:24] Starting auto-import...
[2025-12-22 21:20:24] Skipping auto-import: JSONL content unchanged
[2025-12-22 21:20:24] File change detected: /Users/steveklabnik/Code/rue/work/.beads/issues.jsonl (op: CHMOD)
[2025-12-22 21:20:25] Import triggered by file change
[2025-12-22 21:20:25] Starting auto-import...
[2025-12-22 21:20:25] Skipping auto-import: JSONL content unchanged
[2025-12-22 21:21:02] Git HEAD change detected: /Users/steveklabnik/Code/rue/work/.git/HEAD
[2025-12-22 21:21:03] Import triggered by file change
[2025-12-22 21:21:03] Starting auto-import...
[2025-12-22 21:21:03] Skipping auto-import: JSONL content unchanged
[2025-12-22 21:21:03] File change detected: /Users/steveklabnik/Code/rue/work/.beads/issues.jsonl (op: CHMOD)
[2025-12-22 21:21:04] Import triggered by file change
[2025-12-22 21:21:04] Starting auto-import...
[2025-12-22 21:21:04] Skipping auto-import: JSONL content unchanged
[2025-12-22 21:21:06] JSONL removed/renamed, re-establishing watch
[2025-12-22 21:21:06] Successfully re-established JSONL watch after 50ms
[2025-12-22 21:21:06] JSONL file created: /Users/steveklabnik/Code/rue/work/.beads/issues.jsonl
[2025-12-22 21:21:07] Import triggered by file change
[2025-12-22 21:21:07] Starting auto-import...
[2025-12-22 21:21:07] JSONL content changed, proceeding with auto-import...
[2025-12-22 21:21:07] File change detected: /Users/steveklabnik/Code/rue/work/.beads/issues.jsonl (op: CHMOD)
[2025-12-22 21:21:07] Pull failed: failed to get current branch: exit status 128
[2025-12-22 21:21:08] Import triggered by file change
[2025-12-22 21:21:08] Starting auto-import...
[2025-12-22 21:21:08] JSONL content changed, proceeding with auto-import...
[2025-12-22 21:21:08] Pull failed: failed to get current branch: exit status 128
[2025-12-22 21:26:59] Git HEAD change detected: /Users/steveklabnik/Code/rue/work/.git/HEAD
[2025-12-22 21:26:59] File change detected: /Users/steveklabnik/Code/rue/work/.beads/issues.jsonl (op: CHMOD)
[2025-12-22 21:26:59] JSONL removed/renamed, re-establishing watch
[2025-12-22 21:26:59] Successfully re-established JSONL watch after 50ms
[2025-12-22 21:26:59] JSONL file created: /Users/steveklabnik/Code/rue/work/.beads/issues.jsonl
[2025-12-22 21:27:00] Import triggered by file change
[2025-12-22 21:27:00] Starting auto-import...
[2025-12-22 21:27:00] JSONL content changed, proceeding with auto-import...
[2025-12-22 21:27:00] File change detected: /Users/steveklabnik/Code/rue/work/.beads/issues.jsonl (op: CHMOD)
[2025-12-22 21:27:00] Pull failed: failed to get current branch: exit status 128
[2025-12-22 21:27:01] Import triggered by file change
[2025-12-22 21:27:01] Starting auto-import...
[2025-12-22 21:27:01] JSONL content changed, proceeding with auto-import...
[2025-12-22 21:27:01] Pull failed: failed to get current branch: exit status 128
[2025-12-22 21:27:44] Mutation detected: update tree1-n0x
[2025-12-22 21:27:44] Export triggered by mutation events
[2025-12-22 21:27:44] Starting export...
[2025-12-22 21:27:44] Exported to JSONL
[2025-12-22 21:27:44] JSONL removed/renamed, re-establishing watch
[2025-12-22 21:27:44] Export complete
[2025-12-22 21:27:44] Successfully re-established JSONL watch after 50ms
[2025-12-22 21:27:44] JSONL file created: /Users/steveklabnik/Code/rue/work/.beads/issues.jsonl
[2025-12-22 21:27:45] Import triggered by file change
[2025-12-22 21:27:45] Starting auto-import...
[2025-12-22 21:27:45] Skipping auto-import: JSONL content unchanged
[2025-12-22 21:35:15] Mutation detected: create tree1-60i
[2025-12-22 21:35:15] Export triggered by mutation events
[2025-12-22 21:35:15] Starting export...
[2025-12-22 21:35:15] Exported to JSONL
[2025-12-22 21:35:15] JSONL removed/renamed, re-establishing watch
[2025-12-22 21:35:15] Export complete
[2025-12-22 21:35:15] Successfully re-established JSONL watch after 50ms
[2025-12-22 21:35:15] JSONL file created: /Users/steveklabnik/Code/rue/work/.beads/issues.jsonl
[2025-12-22 21:35:16] Import triggered by file change
[2025-12-22 21:35:16] Starting auto-import...
[2025-12-22 21:35:16] Skipping auto-import: JSONL content unchanged
[2025-12-22 21:35:25] Mutation detected: update tree1-60i
[2025-12-22 21:35:25] Export triggered by mutation events
[2025-12-22 21:35:25] Starting export...
[2025-12-22 21:35:25] Exported to JSONL
[2025-12-22 21:35:25] JSONL removed/renamed, re-establishing watch
[2025-12-22 21:35:25] Export complete
[2025-12-22 21:35:25] Successfully re-established JSONL watch after 50ms
[2025-12-22 21:35:25] JSONL file created: /Users/steveklabnik/Code/rue/work/.beads/issues.jsonl
[2025-12-22 21:35:26] Import triggered by file change
[2025-12-22 21:35:26] Starting auto-import...
[2025-12-22 21:35:26] Skipping auto-import: JSONL content unchanged
[2025-12-22 21:38:44] Mutation detected: update tree1-n0x
[2025-12-22 21:38:45] Export triggered by mutation events
[2025-12-22 21:38:45] Starting export...
[2025-12-22 21:38:45] Exported to JSONL
[2025-12-22 21:38:45] JSONL removed/renamed, re-establishing watch
[2025-12-22 21:38:45] Export complete
[2025-12-22 21:38:45] Successfully re-established JSONL watch after 50ms
[2025-12-22 21:38:45] JSONL file created: /Users/steveklabnik/Code/rue/work/.beads/issues.jsonl
[2025-12-22 21:38:46] Import triggered by file change
[2025-12-22 21:38:46] Starting auto-import...
[2025-12-22 21:38:46] Skipping auto-import: JSONL content unchanged
[2025-12-22 21:51:14] Git HEAD change detected: /Users/steveklabnik/Code/rue/work/.git/HEAD
[2025-12-22 21:51:15] Import triggered by file change
[2025-12-22 21:51:15] Starting auto-import...
[2025-12-22 21:51:15] Skipping auto-import: JSONL content unchanged
[2025-12-22 21:51:25] File change detected: /Users/steveklabnik/Code/rue/work/.beads/issues.jsonl (op: CHMOD)
[2025-12-22 21:51:26] Import triggered by file change
[2025-12-22 21:51:26] Starting auto-import...
[2025-12-22 21:51:26] Skipping auto-import: JSONL content unchanged
[2025-12-22 21:51:30] File change detected: /Users/steveklabnik/Code/rue/work/.beads/issues.jsonl (op: CHMOD)
[2025-12-22 21:51:31] Import triggered by file change
[2025-12-22 21:51:31] Starting auto-import...
[2025-12-22 21:51:31] Skipping auto-import: JSONL content unchanged
[2025-12-22 21:51:37] File change detected: /Users/steveklabnik/Code/rue/work/.beads/issues.jsonl (op: CHMOD)
[2025-12-22 21:51:38] Import triggered by file change
[2025-12-22 21:51:38] Starting auto-import...
[2025-12-22 21:51:38] Skipping auto-import: JSONL content unchanged
[2025-12-22 21:55:02] File change detected: /Users/steveklabnik/Code/rue/work/.beads/issues.jsonl (op: CHMOD)
[2025-12-22 21:55:03] Import triggered by file change
[2025-12-22 21:55:03] Starting auto-import...
[2025-12-22 21:55:03] Skipping auto-import: JSONL content unchanged
[2025-12-22 21:55:06] File change detected: /Users/steveklabnik/Code/rue/work/.beads/issues.jsonl (op: CHMOD)
[2025-12-22 21:55:07] Import triggered by file change
[2025-12-22 21:55:07] Starting auto-import...
[2025-12-22 21:55:07] Skipping auto-import: JSONL content unchanged
[2025-12-22 21:56:55] Git HEAD change detected: /Users/steveklabnik/Code/rue/work/.git/HEAD
[2025-12-22 21:56:55] JSONL removed/renamed, re-establishing watch
[2025-12-22 21:56:55] Successfully re-established JSONL watch after 50ms
[2025-12-22 21:56:55] JSONL file created: /Users/steveklabnik/Code/rue/work/.beads/issues.jsonl
[2025-12-22 21:56:56] File change detected: /Users/steveklabnik/Code/rue/work/.beads/issues.jsonl (op: CHMOD)
[2025-12-22 21:56:56] Import triggered by file change
[2025-12-22 21:56:56] Starting auto-import...
[2025-12-22 21:56:56] Skipping auto-import: JSONL content unchanged
[2025-12-22 21:56:57] Import triggered by file change
[2025-12-22 21:56:57] Starting auto-import...
[2025-12-22 21:56:57] Skipping auto-import: JSONL content unchanged
[2025-12-22 21:58:25] Mutation detected: update tree1-sgy
[2025-12-22 21:58:26] Export triggered by mutation events
[2025-12-22 21:58:26] Starting export...
[2025-12-22 21:58:26] Exported to JSONL
[2025-12-22 21:58:26] JSONL removed/renamed, re-establishing watch
[2025-12-22 21:58:26] Export complete
[2025-12-22 21:58:26] Successfully re-established JSONL watch after 50ms
[2025-12-22 21:58:26] JSONL file created: /Users/steveklabnik/Code/rue/work/.beads/issues.jsonl
[2025-12-22 21:58:27] Import triggered by file change
[2025-12-22 21:58:27] Starting auto-import...
[2025-12-22 21:58:27] Skipping auto-import: JSONL content unchanged
[2025-12-22 22:17:24] Mutation detected: update tree1-sgy
[2025-12-22 22:17:24] Export triggered by mutation events
[2025-12-22 22:17:24] Starting export...
[2025-12-22 22:17:24] Exported to JSONL
[2025-12-22 22:17:24] JSONL removed/renamed, re-establishing watch
[2025-12-22 22:17:24] Export complete
[2025-12-22 22:17:25] Successfully re-established JSONL watch after 50ms
[2025-12-22 22:17:25] JSONL file created: /Users/steveklabnik/Code/rue/work/.beads/issues.jsonl
[2025-12-22 22:17:26] Import triggered by file change
[2025-12-22 22:17:26] Starting auto-import...
[2025-12-22 22:17:26] Skipping auto-import: JSONL content unchanged
[2025-12-22 22:28:08] Git HEAD change detected: /Users/steveklabnik/Code/rue/work/.git/HEAD
[2025-12-22 22:28:09] Import triggered by file change
[2025-12-22 22:28:09] Starting auto-import...
[2025-12-22 22:28:09] Skipping auto-import: JSONL content unchanged
[2025-12-22 22:28:24] File change detected: /Users/steveklabnik/Code/rue/work/.beads/issues.jsonl (op: CHMOD)
[2025-12-22 22:28:25] Import triggered by file change
[2025-12-22 22:28:25] Starting auto-import...
[2025-12-22 22:28:25] Skipping auto-import: JSONL content unchanged
[2025-12-22 22:28:29] File change detected: /Users/steveklabnik/Code/rue/work/.beads/issues.jsonl (op: CHMOD)
[2025-12-22 22:28:30] Import triggered by file change
[2025-12-22 22:28:30] Starting auto-import...
[2025-12-22 22:28:30] Skipping auto-import: JSONL content unchanged
[2025-12-22 22:28:37] File change detected: /Users/steveklabnik/Code/rue/work/.beads/issues.jsonl (op: CHMOD)
[2025-12-22 22:28:38] Import triggered by file change
[2025-12-22 22:28:38] Starting auto-import...
[2025-12-22 22:28:38] Skipping auto-import: JSONL content unchanged
[2025-12-22 22:28:48] Git HEAD change detected: /Users/steveklabnik/Code/rue/work/.git/HEAD
[2025-12-22 22:28:48] JSONL removed/renamed, re-establishing watch
[2025-12-22 22:28:48] Successfully re-established JSONL watch after 50ms
[2025-12-22 22:28:48] JSONL file created: /Users/steveklabnik/Code/rue/work/.beads/issues.jsonl
[2025-12-22 22:28:49] Import triggered by file change
[2025-12-22 22:28:49] Starting auto-import...
[2025-12-22 22:28:49] JSONL content changed, proceeding with auto-import...
[2025-12-22 22:28:49] ⚠️  WARNING: Uncommitted local changes detected in /Users/steveklabnik/Code/rue/work/.beads/issues.jsonl
[2025-12-22 22:28:49]    Pulling from remote may overwrite local unpushed changes.
[2025-12-22 22:28:49]    Consider running 'bd sync' to commit and push your changes first.
[2025-12-22 22:28:49] Pull failed: failed to get current branch: exit status 128
[2025-12-22 22:29:46] JSONL removed/renamed, re-establishing watch
[2025-12-22 22:29:46] Successfully re-established JSONL watch after 50ms
[2025-12-22 22:29:46] JSONL file created: /Users/steveklabnik/Code/rue/work/.beads/issues.jsonl
[2025-12-22 22:29:47] Import triggered by file change
[2025-12-22 22:29:47] Starting auto-import...
[2025-12-22 22:29:47] JSONL content changed, proceeding with auto-import...
[2025-12-22 22:29:47] ⚠️  WARNING: Uncommitted local changes detected in /Users/steveklabnik/Code/rue/work/.beads/issues.jsonl
[2025-12-22 22:29:47]    Pulling from remote may overwrite local unpushed changes.
[2025-12-22 22:29:47]    Consider running 'bd sync' to commit and push your changes first.
[2025-12-22 22:29:47] Pull failed: failed to get current branch: exit status 128
[2025-12-22 22:29:59] Git HEAD change detected: /Users/steveklabnik/Code/rue/work/.git/HEAD
[2025-12-22 22:30:00] Import triggered by file change
[2025-12-22 22:30:00] Starting auto-import...
[2025-12-22 22:30:00] JSONL content changed, proceeding with auto-import...
[2025-12-22 22:30:00] File change detected: /Users/steveklabnik/Code/rue/work/.beads/issues.jsonl (op: CHMOD)
[2025-12-22 22:30:00] Pull failed: failed to get current branch: exit status 128
[2025-12-22 22:30:01] Import triggered by file change
[2025-12-22 22:30:01] Starting auto-import...
[2025-12-22 22:30:01] JSONL content changed, proceeding with auto-import...
[2025-12-22 22:30:01] Pull failed: failed to get current branch: exit status 128
[2025-12-22 22:33:07] Git HEAD change detected: /Users/steveklabnik/Code/rue/work/.git/HEAD
[2025-12-22 22:33:08] Import triggered by file change
[2025-12-22 22:33:08] Starting auto-import...
[2025-12-22 22:33:08] JSONL content changed, proceeding with auto-import...
[2025-12-22 22:33:08] Pull failed: failed to get current branch: exit status 128
[2025-12-22 23:04:21] Git HEAD change detected: /Users/steveklabnik/Code/rue/work/.git/HEAD
[2025-12-22 23:04:22] Import triggered by file change
[2025-12-22 23:04:22] Starting auto-import...
[2025-12-22 23:04:22] JSONL content changed, proceeding with auto-import...
[2025-12-22 23:04:22] Pull failed: failed to get current branch: exit status 128
[2025-12-22 23:13:12] Git HEAD change detected: /Users/steveklabnik/Code/rue/work/.git/HEAD
[2025-12-22 23:13:13] Import triggered by file change
[2025-12-22 23:13:13] Starting auto-import...
[2025-12-22 23:13:13] JSONL content changed, proceeding with auto-import...
[2025-12-22 23:13:13] Pull failed: failed to get current branch: exit status 128
[2025-12-22 23:13:15] Git HEAD change detected: /Users/steveklabnik/Code/rue/work/.git/HEAD
[2025-12-22 23:13:15] JSONL removed/renamed, re-establishing watch
[2025-12-22 23:13:15] Successfully re-established JSONL watch after 50ms
[2025-12-22 23:13:15] JSONL file created: /Users/steveklabnik/Code/rue/work/.beads/issues.jsonl
[2025-12-22 23:13:16] Import triggered by file change
[2025-12-22 23:13:16] Starting auto-import...
[2025-12-22 23:13:16] JSONL content changed, proceeding with auto-import...
[2025-12-22 23:13:16] File change detected: /Users/steveklabnik/Code/rue/work/.beads/issues.jsonl (op: CHMOD)
[2025-12-22 23:13:16] Pull failed: failed to get current branch: exit status 128
[2025-12-22 23:13:17] Import triggered by file change
[2025-12-22 23:13:17] Starting auto-import...
[2025-12-22 23:13:17] JSONL content changed, proceeding with auto-import...
[2025-12-22 23:13:17] Pull failed: failed to get current branch: exit status 128
[2025-12-23 10:09:44] Git HEAD change detected: /Users/steveklabnik/Code/rue/work/.git/HEAD
[2025-12-23 10:09:45] Import triggered by file change
[2025-12-23 10:09:45] Starting auto-import...
[2025-12-23 10:09:45] JSONL content changed, proceeding with auto-import...
[2025-12-23 10:09:45] Pull failed: failed to get current branch: exit status 128
[2025-12-23 13:11:22] Git HEAD change detected: /Users/steveklabnik/Code/rue/work/.git/HEAD
[2025-12-23 13:11:23] Import triggered by file change
[2025-12-23 13:11:23] Starting auto-import...
[2025-12-23 13:11:23] JSONL content changed, proceeding with auto-import...
[2025-12-23 13:11:23] Pull failed: failed to get current branch: exit status 128
[2025-12-23 21:40:31] Git HEAD change detected: /Users/steveklabnik/Code/rue/work/.git/HEAD
[2025-12-23 21:40:32] JSONL removed/renamed, re-establishing watch
[2025-12-23 21:40:32] Successfully re-established JSONL watch after 50ms
[2025-12-23 21:40:32] JSONL file created: /Users/steveklabnik/Code/rue/work/.beads/issues.jsonl
[2025-12-23 21:40:33] Import triggered by file change
[2025-12-23 21:40:33] Starting auto-import...
[2025-12-23 21:40:33] JSONL content changed, proceeding with auto-import...
[2025-12-23 21:40:33] File change detected: /Users/steveklabnik/Code/rue/work/.beads/issues.jsonl (op: CHMOD)
[2025-12-23 21:40:33] Pull failed: failed to get current branch: exit status 128
[2025-12-23 21:40:34] Import triggered by file change
[2025-12-23 21:40:34] Starting auto-import...
[2025-12-23 21:40:34] JSONL content changed, proceeding with auto-import...
[2025-12-23 21:40:34] Pull failed: failed to get current branch: exit status 128
[2025-12-23 21:44:58] Git HEAD change detected: /Users/steveklabnik/Code/rue/work/.git/HEAD
[2025-12-23 21:44:59] Import triggered by file change
[2025-12-23 21:44:59] Starting auto-import...
[2025-12-23 21:44:59] JSONL content changed, proceeding with auto-import...
[2025-12-23 21:44:59] Pull failed: failed to get current branch: exit status 128
[2025-12-23 21:46:21] Git HEAD change detected: /Users/steveklabnik/Code/rue/work/.git/HEAD
[2025-12-23 21:46:22] Import triggered by file change
[2025-12-23 21:46:22] Starting auto-import...
[2025-12-23 21:46:22] JSONL content changed, proceeding with auto-import...
[2025-12-23 21:46:22] Pull failed: failed to get current branch: exit status 128
[2025-12-23 21:51:19] Git HEAD change detected: /Users/steveklabnik/Code/rue/work/.git/HEAD
[2025-12-23 21:51:20] Import triggered by file change
[2025-12-23 21:51:20] Starting auto-import...
[2025-12-23 21:51:20] JSONL content changed, proceeding with auto-import...
[2025-12-23 21:51:20] Pull failed: failed to get current branch: exit status 128
[2025-12-23 22:13:19] Git HEAD change detected: /Users/steveklabnik/Code/rue/work/.git/HEAD
[2025-12-23 22:13:20] Import triggered by file change
[2025-12-23 22:13:20] Starting auto-import...
[2025-12-23 22:13:20] JSONL content changed, proceeding with auto-import...
[2025-12-23 22:13:20] Pull failed: failed to get current branch: exit status 128
[2025-12-23 22:17:26] Received signal terminated, shutting down...
[2025-12-23 22:17:26] Daemon started (interval: 5s, auto-commit: false, auto-push: false)
[2025-12-23 22:17:26] Using database: /Users/steveklabnik/Code/rue/work/.beads/beads.db
[2025-12-23 22:17:26] Database opened: /Users/steveklabnik/Code/rue/work/.beads/beads.db (freshness checking enabled)
[2025-12-23 22:17:26] Upgrading .beads/.gitignore...
[2025-12-23 22:17:26] Warning: failed to upgrade .gitignore: open .beads/.gitignore: no such file or directory
[2025-12-23 22:17:26] Repository fingerprint validated: 437e9369
[2025-12-23 22:17:26] Starting RPC server: /Users/steveklabnik/Code/rue/work/.beads/bd.sock
[2025-12-23 22:17:26] RPC server ready (socket listening)
[2025-12-23 22:17:26] Registered in global registry
[2025-12-23 22:17:26] Starting sync cycle...
[2025-12-23 22:17:26] Exported to JSONL
[2025-12-23 22:17:27] Pull failed: failed to get current branch: exit status 128
[2025-12-23 22:17:27] Monitoring parent process (PID 0)
[2025-12-23 22:17:27] Using event-driven mode
[2025-12-23 22:17:27] Auto-pull disabled: use 'git pull' manually to sync remote changes
[2025-12-23 22:21:41] Git HEAD change detected: /Users/steveklabnik/Code/rue/work/.git/HEAD
[2025-12-23 22:21:42] Import triggered by file change
[2025-12-23 22:21:42] Starting auto-import...
[2025-12-23 22:21:42] Skipping auto-import: JSONL content unchanged
[2025-12-23 22:21:42] File change detected: /Users/steveklabnik/Code/rue/work/.beads/issues.jsonl
[2025-12-23 22:21:43] Import triggered by file change
[2025-12-23 22:21:43] Starting auto-import...
[2025-12-23 22:21:43] Skipping auto-import: JSONL content unchanged
[2025-12-23 22:22:14] File change detected: /Users/steveklabnik/Code/rue/work/.beads/issues.jsonl
[2025-12-23 22:22:15] Import triggered by file change
[2025-12-23 22:22:15] Starting auto-import...
[2025-12-23 22:22:15] Skipping auto-import: JSONL content unchanged
[2025-12-23 22:23:54] File change detected: /Users/steveklabnik/Code/rue/work/.beads/issues.jsonl
[2025-12-23 22:23:55] Import triggered by file change
[2025-12-23 22:23:55] Starting auto-import...
[2025-12-23 22:23:55] Skipping auto-import: JSONL content unchanged
[2025-12-23 22:25:11] File change detected: /Users/steveklabnik/Code/rue/work/.beads/issues.jsonl
[2025-12-23 22:25:12] Import triggered by file change
[2025-12-23 22:25:12] Starting auto-import...
[2025-12-23 22:25:12] Skipping auto-import: JSONL content unchanged
[2025-12-23 22:27:39] Mutation detected: status tree1-s0m.1
[2025-12-23 22:27:39] Mutation detected: status tree1-s0m.2
[2025-12-23 22:27:39] Mutation detected: status tree1-s0m.3
[2025-12-23 22:27:39] Mutation detected: status tree1-s0m.4
[2025-12-23 22:27:39] Mutation detected: status tree1-s0m.5
[2025-12-23 22:27:39] Mutation detected: status tree1-s0m.7
[2025-12-23 22:27:39] Mutation detected: status tree1-s0m.8
[2025-12-23 22:27:39] Export triggered by mutation events
[2025-12-23 22:27:39] Starting export...
[2025-12-23 22:27:39] Exported to JSONL
[2025-12-23 22:27:39] JSONL removed/renamed, re-establishing watch
[2025-12-23 22:27:39] Export complete
[2025-12-23 22:27:39] Successfully re-established JSONL watch after 50ms
[2025-12-23 22:27:39] JSONL file created: /Users/steveklabnik/Code/rue/work/.beads/issues.jsonl
[2025-12-23 22:27:40] Import triggered by file change
[2025-12-23 22:27:40] Starting auto-import...
[2025-12-23 22:27:40] Skipping auto-import: JSONL content unchanged
[2025-12-23 22:27:55] Mutation detected: status tree1-908
[2025-12-23 22:27:55] Mutation detected: status tree1-3ds
[2025-12-23 22:27:55] Mutation detected: status tree1-6c9
[2025-12-23 22:27:55] Mutation detected: status tree1-0e7
[2025-12-23 22:27:55] Mutation detected: status tree1-ptb
[2025-12-23 22:27:55] Mutation detected: status tree1-60i
[2025-12-23 22:27:55] Export triggered by mutation events
[2025-12-23 22:27:55] Starting export...
[2025-12-23 22:27:55] Exported to JSONL
[2025-12-23 22:27:55] JSONL removed/renamed, re-establishing watch
[2025-12-23 22:27:55] Export complete
[2025-12-23 22:27:55] Successfully re-established JSONL watch after 50ms
[2025-12-23 22:27:55] JSONL file created: /Users/steveklabnik/Code/rue/work/.beads/issues.jsonl
[2025-12-23 22:27:56] Import triggered by file change
[2025-12-23 22:27:56] Starting auto-import...
[2025-12-23 22:27:56] Skipping auto-import: JSONL content unchanged
[2025-12-23 22:28:51] Git HEAD change detected: /Users/steveklabnik/Code/rue/work/.git/HEAD
[2025-12-23 22:28:52] Import triggered by file change
[2025-12-23 22:28:52] Starting auto-import...
[2025-12-23 22:28:52] Skipping auto-import: JSONL content unchanged
[2025-12-23 22:28:52] File change detected: /Users/steveklabnik/Code/rue/work/.beads/issues.jsonl
[2025-12-23 22:28:53] Import triggered by file change
[2025-12-23 22:28:53] Starting auto-import...
[2025-12-23 22:28:53] Skipping auto-import: JSONL content unchanged
[2025-12-23 22:29:23] Git HEAD change detected: /Users/steveklabnik/Code/rue/work/.git/HEAD
[2025-12-23 22:29:23] JSONL removed/renamed, re-establishing watch
[2025-12-23 22:29:24] Successfully re-established JSONL watch after 50ms
[2025-12-23 22:29:24] JSONL file created: /Users/steveklabnik/Code/rue/work/.beads/issues.jsonl
[2025-12-23 22:29:25] Import triggered by file change
[2025-12-23 22:29:25] Starting auto-import...
[2025-12-23 22:29:25] JSONL content changed, proceeding with auto-import...
[2025-12-23 22:29:25] ⚠️  WARNING: Uncommitted local changes detected in /Users/steveklabnik/Code/rue/work/.beads/issues.jsonl
[2025-12-23 22:29:25]    Pulling from remote may overwrite local unpushed changes.
[2025-12-23 22:29:25]    Consider running 'bd sync' to commit and push your changes first.
[2025-12-23 22:29:25] Pull failed: failed to get current branch: exit status 128
[2025-12-23 22:29:36] Git HEAD change detected: /Users/steveklabnik/Code/rue/work/.git/HEAD
[2025-12-23 22:29:36] JSONL removed/renamed, re-establishing watch
[2025-12-23 22:29:36] Successfully re-established JSONL watch after 50ms
[2025-12-23 22:29:36] JSONL file created: /Users/steveklabnik/Code/rue/work/.beads/issues.jsonl
[2025-12-23 22:29:37] Import triggered by file change
[2025-12-23 22:29:37] Starting auto-import...
[2025-12-23 22:29:37] JSONL content changed, proceeding with auto-import...
[2025-12-23 22:29:37] File change detected: /Users/steveklabnik/Code/rue/work/.beads/issues.jsonl
[2025-12-23 22:29:37] Pull failed: failed to get current branch: exit status 128
[2025-12-23 22:29:38] Import triggered by file change
[2025-12-23 22:29:38] Starting auto-import...
[2025-12-23 22:29:38] JSONL content changed, proceeding with auto-import...
[2025-12-23 22:29:39] Pull failed: failed to get current branch: exit status 128
[2025-12-23 22:30:12] Git HEAD change detected: /Users/steveklabnik/Code/rue/work/.git/HEAD
[2025-12-23 22:30:12] JSONL removed/renamed, re-establishing watch
[2025-12-23 22:30:12] Successfully re-established JSONL watch after 50ms
[2025-12-23 22:30:12] JSONL file created: /Users/steveklabnik/Code/rue/work/.beads/issues.jsonl
[2025-12-23 22:30:13] Import triggered by file change
[2025-12-23 22:30:13] Starting auto-import...
[2025-12-23 22:30:13] Skipping auto-import: JSONL content unchanged
[2025-12-23 22:30:18] File change detected: /Users/steveklabnik/Code/rue/work/.beads/issues.jsonl
[2025-12-23 22:30:19] Import triggered by file change
[2025-12-23 22:30:19] Starting auto-import...
[2025-12-23 22:30:19] Skipping auto-import: JSONL content unchanged
[2025-12-23 23:03:16] Mutation detected: status tree1-6tt
[2025-12-23 23:03:16] Export triggered by mutation events
[2025-12-23 23:03:16] Starting export...
[2025-12-23 23:03:16] Exported to JSONL
[2025-12-23 23:03:16] JSONL removed/renamed, re-establishing watch
[2025-12-23 23:03:16] Export complete
[2025-12-23 23:03:16] Successfully re-established JSONL watch after 50ms
[2025-12-23 23:03:16] JSONL file created: /Users/steveklabnik/Code/rue/work/.beads/issues.jsonl
[2025-12-23 23:03:17] Import triggered by file change
[2025-12-23 23:03:17] Starting auto-import...
[2025-12-23 23:03:17] Skipping auto-import: JSONL content unchanged
[2025-12-23 23:03:43] Git HEAD change detected: /Users/steveklabnik/Code/rue/work/.git/HEAD
[2025-12-23 23:03:43] JSONL removed/renamed, re-establishing watch
[2025-12-23 23:03:43] Successfully re-established JSONL watch after 50ms
[2025-12-23 23:03:43] JSONL file created: /Users/steveklabnik/Code/rue/work/.beads/issues.jsonl
[2025-12-23 23:03:44] Import triggered by file change
[2025-12-23 23:03:44] Starting auto-import...
[2025-12-23 23:03:44] JSONL content changed, proceeding with auto-import...
[2025-12-23 23:03:44] File change detected: /Users/steveklabnik/Code/rue/work/.beads/issues.jsonl
[2025-12-23 23:03:44] Pull failed: failed to get current branch: exit status 128
[2025-12-23 23:03:45] Import triggered by file change
[2025-12-23 23:03:45] Starting auto-import...
[2025-12-23 23:03:45] JSONL content changed, proceeding with auto-import...
[2025-12-23 23:03:45] Pull failed: failed to get current branch: exit status 128
[2025-12-23 23:04:32] JSONL removed/renamed, re-establishing watch
[2025-12-23 23:04:33] Successfully re-established JSONL watch after 50ms
[2025-12-23 23:04:33] JSONL file created: /Users/steveklabnik/Code/rue/work/.beads/issues.jsonl
[2025-12-23 23:04:34] Import triggered by file change
[2025-12-23 23:04:34] Starting auto-import...
[2025-12-23 23:04:34] JSONL content changed, proceeding with auto-import...
[2025-12-23 23:04:34] ⚠️  WARNING: Uncommitted local changes detected in /Users/steveklabnik/Code/rue/work/.beads/issues.jsonl
[2025-12-23 23:04:34]    Pulling from remote may overwrite local unpushed changes.
[2025-12-23 23:04:34]    Consider running 'bd sync' to commit and push your changes first.
[2025-12-23 23:04:34] Pull failed: failed to get current branch: exit status 128
[2025-12-23 23:07:17] Git HEAD change detected: /Users/steveklabnik/Code/rue/work/.git/HEAD
[2025-12-23 23:07:18] Import triggered by file change
[2025-12-23 23:07:18] Starting auto-import...
[2025-12-23 23:07:18] JSONL content changed, proceeding with auto-import...
[2025-12-23 23:07:18] File change detected: /Users/steveklabnik/Code/rue/work/.beads/issues.jsonl
[2025-12-23 23:07:18] Pull failed: failed to get current branch: exit status 128
[2025-12-23 23:07:19] Import triggered by file change
[2025-12-23 23:07:19] Starting auto-import...
[2025-12-23 23:07:19] JSONL content changed, proceeding with auto-import...
[2025-12-23 23:07:19] Pull failed: failed to get current branch: exit status 128
[2025-12-23 23:09:45] Git HEAD change detected: /Users/steveklabnik/Code/rue/work/.git/HEAD
[2025-12-23 23:09:45] JSONL removed/renamed, re-establishing watch
[2025-12-23 23:09:45] Successfully re-established JSONL watch after 50ms
[2025-12-23 23:09:45] JSONL file created: /Users/steveklabnik/Code/rue/work/.beads/issues.jsonl
[2025-12-23 23:09:46] Import triggered by file change
[2025-12-23 23:09:46] Starting auto-import...
[2025-12-23 23:09:46] JSONL content changed, proceeding with auto-import...
[2025-12-23 23:09:46] File change detected: /Users/steveklabnik/Code/rue/work/.beads/issues.jsonl
[2025-12-23 23:09:46] Pull failed: failed to get current branch: exit status 128
[2025-12-23 23:09:47] Import triggered by file change
[2025-12-23 23:09:47] Starting auto-import...
[2025-12-23 23:09:47] JSONL content changed, proceeding with auto-import...
[2025-12-23 23:09:47] Pull failed: failed to get current branch: exit status 128
[2025-12-23 23:11:03] Mutation detected: status tree1-6fs
[2025-12-23 23:11:04] Export triggered by mutation events
[2025-12-23 23:11:04] Starting export...
[2025-12-23 23:11:04] Exported to JSONL
[2025-12-23 23:11:04] JSONL removed/renamed, re-establishing watch
[2025-12-23 23:11:04] Export complete
[2025-12-23 23:11:04] Successfully re-established JSONL watch after 50ms
[2025-12-23 23:11:04] JSONL file created: /Users/steveklabnik/Code/rue/work/.beads/issues.jsonl
[2025-12-23 23:11:05] Import triggered by file change
[2025-12-23 23:11:05] Starting auto-import...
[2025-12-23 23:11:05] Skipping auto-import: JSONL content unchanged
[2025-12-23 23:21:05] Mutation detected: status tree1-6fs
[2025-12-23 23:21:06] Export triggered by mutation events
[2025-12-23 23:21:06] Starting export...
[2025-12-23 23:21:06] Exported to JSONL
[2025-12-23 23:21:06] JSONL removed/renamed, re-establishing watch
[2025-12-23 23:21:06] Export complete
[2025-12-23 23:21:06] Successfully re-established JSONL watch after 50ms
[2025-12-23 23:21:06] JSONL file created: /Users/steveklabnik/Code/rue/work/.beads/issues.jsonl
[2025-12-23 23:21:07] Import triggered by file change
[2025-12-23 23:21:07] Starting auto-import...
[2025-12-23 23:21:07] Skipping auto-import: JSONL content unchanged
[2025-12-23 23:21:56] Git HEAD change detected: /Users/steveklabnik/Code/rue/work/.git/HEAD
[2025-12-23 23:21:57] Import triggered by file change
[2025-12-23 23:21:57] Starting auto-import...
[2025-12-23 23:21:57] Skipping auto-import: JSONL content unchanged
[2025-12-23 23:22:35] Git HEAD change detected: /Users/steveklabnik/Code/rue/work/.git/HEAD
[2025-12-23 23:22:35] JSONL removed/renamed, re-establishing watch
[2025-12-23 23:22:35] Successfully re-established JSONL watch after 50ms
[2025-12-23 23:22:35] JSONL file created: /Users/steveklabnik/Code/rue/work/.beads/issues.jsonl
[2025-12-23 23:22:36] Import triggered by file change
[2025-12-23 23:22:36] Starting auto-import...
[2025-12-23 23:22:36] JSONL content changed, proceeding with auto-import...
[2025-12-23 23:22:36] ⚠️  WARNING: Uncommitted local changes detected in /Users/steveklabnik/Code/rue/work/.beads/issues.jsonl
[2025-12-23 23:22:36]    Pulling from remote may overwrite local unpushed changes.
[2025-12-23 23:22:36]    Consider running 'bd sync' to commit and push your changes first.
[2025-12-23 23:22:36] Pull failed: failed to get current branch: exit status 128
[2025-12-23 23:23:45] JSONL removed/renamed, re-establishing watch
[2025-12-23 23:23:45] Successfully re-established JSONL watch after 50ms
[2025-12-23 23:23:45] JSONL file created: /Users/steveklabnik/Code/rue/work/.beads/issues.jsonl
[2025-12-23 23:23:46] Import triggered by file change
[2025-12-23 23:23:46] Starting auto-import...
[2025-12-23 23:23:46] Skipping auto-import: JSONL content unchanged
[2025-12-23 23:23:54] Git HEAD change detected: /Users/steveklabnik/Code/rue/work/.git/HEAD
[2025-12-23 23:23:55] Import triggered by file change
[2025-12-23 23:23:55] Starting auto-import...
[2025-12-23 23:23:55] Skipping auto-import: JSONL content unchanged
[2025-12-23 23:26:22] Git HEAD change detected: /Users/steveklabnik/Code/rue/work/.git/HEAD
[2025-12-23 23:26:22] JSONL removed/renamed, re-establishing watch
[2025-12-23 23:26:22] Successfully re-established JSONL watch after 50ms
[2025-12-23 23:26:22] JSONL file created: /Users/steveklabnik/Code/rue/work/.beads/issues.jsonl
[2025-12-23 23:26:23] Import triggered by file change
[2025-12-23 23:26:23] Starting auto-import...
[2025-12-23 23:26:23] JSONL content changed, proceeding with auto-import...
[2025-12-23 23:26:23] File change detected: /Users/steveklabnik/Code/rue/work/.beads/issues.jsonl
[2025-12-23 23:26:23] Pull failed: failed to get current branch: exit status 128
[2025-12-23 23:26:24] Import triggered by file change
[2025-12-23 23:26:24] Starting auto-import...
[2025-12-23 23:26:24] JSONL content changed, proceeding with auto-import...
[2025-12-23 23:26:24] Pull failed: failed to get current branch: exit status 128
[2025-12-23 23:34:41] Git HEAD change detected: /Users/steveklabnik/Code/rue/work/.git/HEAD
[2025-12-23 23:34:41] JSONL removed/renamed, re-establishing watch
[2025-12-23 23:34:41] Successfully re-established JSONL watch after 50ms
[2025-12-23 23:34:41] JSONL file created: /Users/steveklabnik/Code/rue/work/.beads/issues.jsonl
[2025-12-23 23:34:42] Import triggered by file change
[2025-12-23 23:34:42] Starting auto-import...
[2025-12-23 23:34:42] JSONL content changed, proceeding with auto-import...
[2025-12-23 23:34:42] ⚠️  WARNING: Uncommitted local changes detected in /Users/steveklabnik/Code/rue/work/.beads/issues.jsonl
[2025-12-23 23:34:42]    Pulling from remote may overwrite local unpushed changes.
[2025-12-23 23:34:42]    Consider running 'bd sync' to commit and push your changes first.
[2025-12-23 23:34:42] Pull failed: failed to get current branch: exit status 128
[2025-12-23 23:36:01] File change detected: /Users/steveklabnik/Code/rue/work/.beads/issues.jsonl
[2025-12-23 23:36:02] Import triggered by file change
[2025-12-23 23:36:02] Starting auto-import...
[2025-12-23 23:36:02] JSONL content changed, proceeding with auto-import...
[2025-12-23 23:36:02] ⚠️  WARNING: Uncommitted local changes detected in /Users/steveklabnik/Code/rue/work/.beads/issues.jsonl
[2025-12-23 23:36:02]    Pulling from remote may overwrite local unpushed changes.
[2025-12-23 23:36:02]    Consider running 'bd sync' to commit and push your changes first.
[2025-12-23 23:36:02] Pull failed: failed to get current branch: exit status 128
[2025-12-23 23:36:09] Git HEAD change detected: /Users/steveklabnik/Code/rue/work/.git/HEAD
[2025-12-23 23:36:10] Import triggered by file change
[2025-12-23 23:36:10] Starting auto-import...
[2025-12-23 23:36:10] JSONL content changed, proceeding with auto-import...
[2025-12-23 23:36:10] File change detected: /Users/steveklabnik/Code/rue/work/.beads/issues.jsonl
[2025-12-23 23:36:10] Pull failed: failed to get current branch: exit status 128
[2025-12-23 23:36:11] Import triggered by file change
[2025-12-23 23:36:11] Starting auto-import...
[2025-12-23 23:36:11] JSONL content changed, proceeding with auto-import...
[2025-12-23 23:36:11] Pull failed: failed to get current branch: exit status 128
[2025-12-23 23:45:59] Git HEAD change detected: /Users/steveklabnik/Code/rue/work/.git/HEAD
[2025-12-23 23:46:00] Import triggered by file change
[2025-12-23 23:46:00] Starting auto-import...
[2025-12-23 23:46:00] JSONL content changed, proceeding with auto-import...
[2025-12-23 23:46:00] Pull failed: failed to get current branch: exit status 128
[2025-12-23 23:46:07] Git HEAD change detected: /Users/steveklabnik/Code/rue/work/.git/HEAD
[2025-12-23 23:46:07] JSONL removed/renamed, re-establishing watch
[2025-12-23 23:46:07] Successfully re-established JSONL watch after 50ms
[2025-12-23 23:46:07] JSONL file created: /Users/steveklabnik/Code/rue/work/.beads/issues.jsonl
[2025-12-23 23:46:08] Import triggered by file change
[2025-12-23 23:46:08] Starting auto-import...
[2025-12-23 23:46:08] JSONL content changed, proceeding with auto-import...
[2025-12-23 23:46:08] File change detected: /Users/steveklabnik/Code/rue/work/.beads/issues.jsonl
[2025-12-23 23:46:08] Pull failed: failed to get current branch: exit status 128
[2025-12-23 23:46:09] Import triggered by file change
[2025-12-23 23:46:09] Starting auto-import...
[2025-12-23 23:46:09] JSONL content changed, proceeding with auto-import...
[2025-12-23 23:46:09] Pull failed: failed to get current branch: exit status 128
[2025-12-24 00:14:19] Mutation detected: create tree1-749
[2025-12-24 00:14:20] Export triggered by mutation events
[2025-12-24 00:14:20] Starting export...
[2025-12-24 00:14:20] Exported to JSONL
[2025-12-24 00:14:20] JSONL removed/renamed, re-establishing watch
[2025-12-24 00:14:20] Export complete
[2025-12-24 00:14:20] Successfully re-established JSONL watch after 50ms
[2025-12-24 00:14:20] JSONL file created: /Users/steveklabnik/Code/rue/work/.beads/issues.jsonl
[2025-12-24 00:14:21] Import triggered by file change
[2025-12-24 00:14:21] Starting auto-import...
[2025-12-24 00:14:21] Skipping auto-import: JSONL content unchanged
[2025-12-24 00:14:31] Mutation detected: update tree1-749
[2025-12-24 00:14:31] Export triggered by mutation events
[2025-12-24 00:14:31] Starting export...
[2025-12-24 00:14:31] Exported to JSONL
[2025-12-24 00:14:31] Export complete
[2025-12-24 00:14:31] JSONL removed/renamed, re-establishing watch
[2025-12-24 00:14:31] Successfully re-established JSONL watch after 50ms
[2025-12-24 00:14:31] JSONL file created: /Users/steveklabnik/Code/rue/work/.beads/issues.jsonl
[2025-12-24 00:14:32] Import triggered by file change
[2025-12-24 00:14:32] Starting auto-import...
[2025-12-24 00:14:32] Skipping auto-import: JSONL content unchanged
[2025-12-24 00:16:12] Mutation detected: status tree1-myt
[2025-12-24 00:16:13] Export triggered by mutation events
[2025-12-24 00:16:13] Starting export...
[2025-12-24 00:16:13] Exported to JSONL
[2025-12-24 00:16:13] JSONL removed/renamed, re-establishing watch
[2025-12-24 00:16:13] Export complete
[2025-12-24 00:16:13] Successfully re-established JSONL watch after 50ms
[2025-12-24 00:16:13] JSONL file created: /Users/steveklabnik/Code/rue/work/.beads/issues.jsonl
[2025-12-24 00:16:14] Import triggered by file change
[2025-12-24 00:16:14] Starting auto-import...
[2025-12-24 00:16:14] Skipping auto-import: JSONL content unchanged
[2025-12-24 00:16:28] Mutation detected: create tree1-v7e
[2025-12-24 00:16:28] Export triggered by mutation events
[2025-12-24 00:16:28] Starting export...
[2025-12-24 00:16:28] Exported to JSONL
[2025-12-24 00:16:28] JSONL removed/renamed, re-establishing watch
[2025-12-24 00:16:28] Export complete
[2025-12-24 00:16:28] Successfully re-established JSONL watch after 50ms
[2025-12-24 00:16:28] JSONL file created: /Users/steveklabnik/Code/rue/work/.beads/issues.jsonl
[2025-12-24 00:16:29] Import triggered by file change
[2025-12-24 00:16:29] Starting auto-import...
[2025-12-24 00:16:29] Skipping auto-import: JSONL content unchanged
[2025-12-24 00:16:39] Mutation detected: update tree1-749
[2025-12-24 00:16:39] Export triggered by mutation events
[2025-12-24 00:16:39] Starting export...
[2025-12-24 00:16:39] Exported to JSONL
[2025-12-24 00:16:39] JSONL removed/renamed, re-establishing watch
[2025-12-24 00:16:39] Export complete
[2025-12-24 00:16:40] Successfully re-established JSONL watch after 50ms
[2025-12-24 00:16:40] JSONL file created: /Users/steveklabnik/Code/rue/work/.beads/issues.jsonl
[2025-12-24 00:16:41] Import triggered by file change
[2025-12-24 00:16:41] Starting auto-import...
[2025-12-24 00:16:41] Skipping auto-import: JSONL content unchanged
[2025-12-24 00:17:16] Git HEAD change detected: /Users/steveklabnik/Code/rue/work/.git/HEAD
[2025-12-24 00:17:17] Import triggered by file change
[2025-12-24 00:17:17] Starting auto-import...
[2025-12-24 00:17:17] Skipping auto-import: JSONL content unchanged
[2025-12-24 00:18:46] File change detected: /Users/steveklabnik/Code/rue/work/.beads/issues.jsonl
[2025-12-24 00:18:47] Import triggered by file change
[2025-12-24 00:18:47] Starting auto-import...
[2025-12-24 00:18:47] Skipping auto-import: JSONL content unchanged
[2025-12-24 00:41:18] Mutation detected: status tree1-749
[2025-12-24 00:41:19] Export triggered by mutation events
[2025-12-24 00:41:19] Starting export...
[2025-12-24 00:41:19] Exported to JSONL
[2025-12-24 00:41:19] JSONL removed/renamed, re-establishing watch
[2025-12-24 00:41:19] Export complete
[2025-12-24 00:41:19] Successfully re-established JSONL watch after 50ms
[2025-12-24 00:41:19] JSONL file created: /Users/steveklabnik/Code/rue/work/.beads/issues.jsonl
[2025-12-24 00:41:20] Import triggered by file change
[2025-12-24 00:41:20] Starting auto-import...
[2025-12-24 00:41:20] Skipping auto-import: JSONL content unchanged
[2025-12-24 00:41:20] Mutation detected: status tree1-v7e
[2025-12-24 00:41:21] Export triggered by mutation events
[2025-12-24 00:41:21] Starting export...
[2025-12-24 00:41:21] Exported to JSONL
[2025-12-24 00:41:21] JSONL removed/renamed, re-establishing watch
[2025-12-24 00:41:21] Export complete
[2025-12-24 00:41:21] Successfully re-established JSONL watch after 50ms
[2025-12-24 00:41:21] JSONL file created: /Users/steveklabnik/Code/rue/work/.beads/issues.jsonl
[2025-12-24 00:41:22] Import triggered by file change
[2025-12-24 00:41:22] Starting auto-import...
[2025-12-24 00:41:22] Skipping auto-import: JSONL content unchanged
[2025-12-24 00:53:47] Git HEAD change detected: /Users/steveklabnik/Code/rue/work/.git/HEAD
[2025-12-24 00:53:47] JSONL removed/renamed, re-establishing watch
[2025-12-24 00:53:47] Successfully re-established JSONL watch after 50ms
[2025-12-24 00:53:47] JSONL file created: /Users/steveklabnik/Code/rue/work/.beads/issues.jsonl
[2025-12-24 00:53:48] Import triggered by file change
[2025-12-24 00:53:48] Starting auto-import...
[2025-12-24 00:53:48] JSONL content changed, proceeding with auto-import...
[2025-12-24 00:53:48] File change detected: /Users/steveklabnik/Code/rue/work/.beads/issues.jsonl
[2025-12-24 00:53:48] ⚠️  WARNING: Uncommitted local changes detected in /Users/steveklabnik/Code/rue/work/.beads/issues.jsonl
[2025-12-24 00:53:48]    Pulling from remote may overwrite local unpushed changes.
[2025-12-24 00:53:48]    Consider running 'bd sync' to commit and push your changes first.
[2025-12-24 00:53:48] Pull failed: failed to get current branch: exit status 128
[2025-12-24 00:53:49] Import triggered by file change
[2025-12-24 00:53:49] Starting auto-import...
[2025-12-24 00:53:49] JSONL content changed, proceeding with auto-import...
[2025-12-24 00:53:49] File change detected: /Users/steveklabnik/Code/rue/work/.beads/issues.jsonl
[2025-12-24 00:53:49] ⚠️  WARNING: Uncommitted local changes detected in /Users/steveklabnik/Code/rue/work/.beads/issues.jsonl
[2025-12-24 00:53:49]    Pulling from remote may overwrite local unpushed changes.
[2025-12-24 00:53:49]    Consider running 'bd sync' to commit and push your changes first.
[2025-12-24 00:53:49] Pull failed: failed to get current branch: exit status 128
[2025-12-24 00:53:50] Import triggered by file change
[2025-12-24 00:53:50] Starting auto-import...
[2025-12-24 00:53:50] JSONL content changed, proceeding with auto-import...
[2025-12-24 00:53:50] File change detected: /Users/steveklabnik/Code/rue/work/.beads/issues.jsonl
[2025-12-24 00:53:50] ⚠️  WARNING: Uncommitted local changes detected in /Users/steveklabnik/Code/rue/work/.beads/issues.jsonl
[2025-12-24 00:53:50]    Pulling from remote may overwrite local unpushed changes.
[2025-12-24 00:53:50]    Consider running 'bd sync' to commit and push your changes first.
[2025-12-24 00:53:50] Pull failed: failed to get current branch: exit status 128
[2025-12-24 00:53:51] Import triggered by file change
[2025-12-24 00:53:51] Starting auto-import...
[2025-12-24 00:53:51] JSONL content changed, proceeding with auto-import...
[2025-12-24 00:53:51] File change detected: /Users/steveklabnik/Code/rue/work/.beads/issues.jsonl
[2025-12-24 00:53:51] ⚠️  WARNING: Uncommitted local changes detected in /Users/steveklabnik/Code/rue/work/.beads/issues.jsonl
[2025-12-24 00:53:51]    Pulling from remote may overwrite local unpushed changes.
[2025-12-24 00:53:51]    Consider running 'bd sync' to commit and push your changes first.
[2025-12-24 00:53:51] Pull failed: failed to get current branch: exit status 128
[2025-12-24 00:53:52] Import triggered by file change
[2025-12-24 00:53:52] Starting auto-import...
[2025-12-24 00:53:52] JSONL content changed, proceeding with auto-import...
[2025-12-24 00:53:52] File change detected: /Users/steveklabnik/Code/rue/work/.beads/issues.jsonl
[2025-12-24 00:53:52] ⚠️  WARNING: Uncommitted local changes detected in /Users/steveklabnik/Code/rue/work/.beads/issues.jsonl
[2025-12-24 00:53:52]    Pulling from remote may overwrite local unpushed changes.
[2025-12-24 00:53:52]    Consider running 'bd sync' to commit and push your changes first.
[2025-12-24 00:53:52] Pull failed: failed to get current branch: exit status 128
[2025-12-24 00:53:53] Import triggered by file change
[2025-12-24 00:53:53] Starting auto-import...
[2025-12-24 00:53:53] JSONL content changed, proceeding with auto-import...
[2025-12-24 00:53:53] File change detected: /Users/steveklabnik/Code/rue/work/.beads/issues.jsonl
[2025-12-24 00:53:53] ⚠️  WARNING: Uncommitted local changes detected in /Users/steveklabnik/Code/rue/work/.beads/issues.jsonl
[2025-12-24 00:53:53]    Pulling from remote may overwrite local unpushed changes.
[2025-12-24 00:53:53]    Consider running 'bd sync' to commit and push your changes first.
[2025-12-24 00:53:53] Pull failed: failed to get current branch: exit status 128
[2025-12-24 00:53:54] Import triggered by file change
[2025-12-24 00:53:54] Starting auto-import...
[2025-12-24 00:53:54] JSONL content changed, proceeding with auto-import...
[2025-12-24 00:53:54] File change detected: /Users/steveklabnik/Code/rue/work/.beads/issues.jsonl
[2025-12-24 00:53:54] ⚠️  WARNING: Uncommitted local changes detected in /Users/steveklabnik/Code/rue/work/.beads/issues.jsonl
[2025-12-24 00:53:54]    Pulling from remote may overwrite local unpushed changes.
[2025-12-24 00:53:54]    Consider running 'bd sync' to commit and push your changes first.
[2025-12-24 00:53:54] Pull failed: failed to get current branch: exit status 128
[2025-12-24 00:53:55] Import triggered by file change
[2025-12-24 00:53:55] Starting auto-import...
[2025-12-24 00:53:55] JSONL content changed, proceeding with auto-import...
[2025-12-24 00:53:55] File change detected: /Users/steveklabnik/Code/rue/work/.beads/issues.jsonl
[2025-12-24 00:53:55] ⚠️  WARNING: Uncommitted local changes detected in /Users/steveklabnik/Code/rue/work/.beads/issues.jsonl
[2025-12-24 00:53:55]    Pulling from remote may overwrite local unpushed changes.
[2025-12-24 00:53:55]    Consider running 'bd sync' to commit and push your changes first.
[2025-12-24 00:53:55] Pull failed: failed to get current branch: exit status 128
[2025-12-24 00:53:56] Import triggered by file change
[2025-12-24 00:53:56] Starting auto-import...
[2025-12-24 00:53:56] JSONL content changed, proceeding with auto-import...
[2025-12-24 00:53:56] File change detected: /Users/steveklabnik/Code/rue/work/.beads/issues.jsonl
[2025-12-24 00:53:56] ⚠️  WARNING: Uncommitted local changes detected in /Users/steveklabnik/Code/rue/work/.beads/issues.jsonl
[2025-12-24 00:53:56]    Pulling from remote may overwrite local unpushed changes.
[2025-12-24 00:53:56]    Consider running 'bd sync' to commit and push your changes first.
[2025-12-24 00:53:56] Pull failed: failed to get current branch: exit status 128
[2025-12-24 00:53:57] Import triggered by file change
[2025-12-24 00:53:57] Starting auto-import...
[2025-12-24 00:53:57] JSONL content changed, proceeding with auto-import...
[2025-12-24 00:53:57] File change detected: /Users/steveklabnik/Code/rue/work/.beads/issues.jsonl
[2025-12-24 00:53:57] ⚠️  WARNING: Uncommitted local changes detected in /Users/steveklabnik/Code/rue/work/.beads/issues.jsonl
[2025-12-24 00:53:57]    Pulling from remote may overwrite local unpushed changes.
[2025-12-24 00:53:57]    Consider running 'bd sync' to commit and push your changes first.
[2025-12-24 00:53:57] Pull failed: failed to get current branch: exit status 128
[2025-12-24 00:53:58] Import triggered by file change
[2025-12-24 00:53:58] Starting auto-import...
[2025-12-24 00:53:58] JSONL content changed, proceeding with auto-import...
[2025-12-24 00:53:58] File change detected: /Users/steveklabnik/Code/rue/work/.beads/issues.jsonl
[2025-12-24 00:53:58] ⚠️  WARNING: Uncommitted local changes detected in /Users/steveklabnik/Code/rue/work/.beads/issues.jsonl
[2025-12-24 00:53:58]    Pulling from remote may overwrite local unpushed changes.
[2025-12-24 00:53:58]    Consider running 'bd sync' to commit and push your changes first.
[2025-12-24 00:53:58] Pull failed: failed to get current branch: exit status 128
[2025-12-24 00:53:59] Import triggered by file change
[2025-12-24 00:53:59] Starting auto-import...
[2025-12-24 00:53:59] JSONL content changed, proceeding with auto-import...
[2025-12-24 00:53:59] File change detected: /Users/steveklabnik/Code/rue/work/.beads/issues.jsonl
[2025-12-24 00:53:59] ⚠️  WARNING: Uncommitted local changes detected in /Users/steveklabnik/Code/rue/work/.beads/issues.jsonl
[2025-12-24 00:53:59]    Pulling from remote may overwrite local unpushed changes.
[2025-12-24 00:53:59]    Consider running 'bd sync' to commit and push your changes first.
[2025-12-24 00:53:59] Pull failed: failed to get current branch: exit status 128
[2025-12-24 00:54:00] Import triggered by file change
[2025-12-24 00:54:00] Starting auto-import...
[2025-12-24 00:54:00] JSONL content changed, proceeding with auto-import...
[2025-12-24 00:54:00] File change detected: /Users/steveklabnik/Code/rue/work/.beads/issues.jsonl
[2025-12-24 00:54:00] ⚠️  WARNING: Uncommitted local changes detected in /Users/steveklabnik/Code/rue/work/.beads/issues.jsonl
[2025-12-24 00:54:00]    Pulling from remote may overwrite local unpushed changes.
[2025-12-24 00:54:00]    Consider running 'bd sync' to commit and push your changes first.
[2025-12-24 00:54:01] Pull failed: failed to get current branch: exit status 128
[2025-12-24 00:54:01] Import triggered by file change
[2025-12-24 00:54:01] Starting auto-import...
[2025-12-24 00:54:01] JSONL content changed, proceeding with auto-import...
[2025-12-24 00:54:02] File change detected: /Users/steveklabnik/Code/rue/work/.beads/issues.jsonl
[2025-12-24 00:54:02] ⚠️  WARNING: Uncommitted local changes detected in /Users/steveklabnik/Code/rue/work/.beads/issues.jsonl
[2025-12-24 00:54:02]    Pulling from remote may overwrite local unpushed changes.
[2025-12-24 00:54:02]    Consider running 'bd sync' to commit and push your changes first.
[2025-12-24 00:54:02] Pull failed: failed to get current branch: exit status 128
[2025-12-24 00:54:03] Import triggered by file change
[2025-12-24 00:54:03] Starting auto-import...
[2025-12-24 00:54:03] JSONL content changed, proceeding with auto-import...
[2025-12-24 00:54:03] File change detected: /Users/steveklabnik/Code/rue/work/.beads/issues.jsonl
[2025-12-24 00:54:03] ⚠️  WARNING: Uncommitted local changes detected in /Users/steveklabnik/Code/rue/work/.beads/issues.jsonl
[2025-12-24 00:54:03]    Pulling from remote may overwrite local unpushed changes.
[2025-12-24 00:54:03]    Consider running 'bd sync' to commit and push your changes first.
[2025-12-24 00:54:03] Pull failed: failed to get current branch: exit status 128
[2025-12-24 00:54:04] Import triggered by file change
[2025-12-24 00:54:04] Starting auto-import...
[2025-12-24 00:54:04] JSONL content changed, proceeding with auto-import...
[2025-12-24 00:54:04] File change detected: /Users/steveklabnik/Code/rue/work/.beads/issues.jsonl
[2025-12-24 00:54:04] ⚠️  WARNING: Uncommitted local changes detected in /Users/steveklabnik/Code/rue/work/.beads/issues.jsonl
[2025-12-24 00:54:04]    Pulling from remote may overwrite local unpushed changes.
[2025-12-24 00:54:04]    Consider running 'bd sync' to commit and push your changes first.
[2025-12-24 00:54:04] Pull failed: failed to get current branch: exit status 128
[2025-12-24 00:54:05] Import triggered by file change
[2025-12-24 00:54:05] Starting auto-import...
[2025-12-24 00:54:05] JSONL content changed, proceeding with auto-import...
[2025-12-24 00:54:05] File change detected: /Users/steveklabnik/Code/rue/work/.beads/issues.jsonl
[2025-12-24 00:54:05] ⚠️  WARNING: Uncommitted local changes detected in /Users/steveklabnik/Code/rue/work/.beads/issues.jsonl
[2025-12-24 00:54:05]    Pulling from remote may overwrite local unpushed changes.
[2025-12-24 00:54:05]    Consider running 'bd sync' to commit and push your changes first.
[2025-12-24 00:54:05] Pull failed: failed to get current branch: exit status 128
[2025-12-24 00:54:06] Import triggered by file change
[2025-12-24 00:54:06] Starting auto-import...
[2025-12-24 00:54:06] JSONL content changed, proceeding with auto-import...
[2025-12-24 00:54:06] File change detected: /Users/steveklabnik/Code/rue/work/.beads/issues.jsonl
[2025-12-24 00:54:06] ⚠️  WARNING: Uncommitted local changes detected in /Users/steveklabnik/Code/rue/work/.beads/issues.jsonl
[2025-12-24 00:54:06]    Pulling from remote may overwrite local unpushed changes.
[2025-12-24 00:54:06]    Consider running 'bd sync' to commit and push your changes first.
[2025-12-24 00:54:06] Pull failed: failed to get current branch: exit status 128
[2025-12-24 00:54:07] Import triggered by file change
[2025-12-24 00:54:07] Starting auto-import...
[2025-12-24 00:54:07] JSONL content changed, proceeding with auto-import...
[2025-12-24 00:54:07] File change detected: /Users/steveklabnik/Code/rue/work/.beads/issues.jsonl
[2025-12-24 00:54:07] ⚠️  WARNING: Uncommitted local changes detected in /Users/steveklabnik/Code/rue/work/.beads/issues.jsonl
[2025-12-24 00:54:07]    Pulling from remote may overwrite local unpushed changes.
[2025-12-24 00:54:07]    Consider running 'bd sync' to commit and push your changes first.
[2025-12-24 00:54:07] Pull failed: failed to get current branch: exit status 128
[2025-12-24 00:54:08] Import triggered by file change
[2025-12-24 00:54:08] Starting auto-import...
[2025-12-24 00:54:08] JSONL content changed, proceeding with auto-import...
[2025-12-24 00:54:08] File change detected: /Users/steveklabnik/Code/rue/work/.beads/issues.jsonl
[2025-12-24 00:54:08] ⚠️  WARNING: Uncommitted local changes detected in /Users/steveklabnik/Code/rue/work/.beads/issues.jsonl
[2025-12-24 00:54:08]    Pulling from remote may overwrite local unpushed changes.
[2025-12-24 00:54:08]    Consider running 'bd sync' to commit and push your changes first.
[2025-12-24 00:54:08] Pull failed: failed to get current branch: exit status 128
[2025-12-24 00:54:09] Import triggered by file change
[2025-12-24 00:54:09] Starting auto-import...
[2025-12-24 00:54:09] JSONL content changed, proceeding with auto-import...
[2025-12-24 00:54:09] File change detected: /Users/steveklabnik/Code/rue/work/.beads/issues.jsonl
[2025-12-24 00:54:09] ⚠️  WARNING: Uncommitted local changes detected in /Users/steveklabnik/Code/rue/work/.beads/issues.jsonl
[2025-12-24 00:54:09]    Pulling from remote may overwrite local unpushed changes.
[2025-12-24 00:54:09]    Consider running 'bd sync' to commit and push your changes first.
[2025-12-24 00:54:09] Pull failed: failed to get current branch: exit status 128
[2025-12-24 00:54:10] Import triggered by file change
[2025-12-24 00:54:10] Starting auto-import...
[2025-12-24 00:54:10] JSONL content changed, proceeding with auto-import...
[2025-12-24 00:54:10] File change detected: /Users/steveklabnik/Code/rue/work/.beads/issues.jsonl
[2025-12-24 00:54:10] ⚠️  WARNING: Uncommitted local changes detected in /Users/steveklabnik/Code/rue/work/.beads/issues.jsonl
[2025-12-24 00:54:10]    Pulling from remote may overwrite local unpushed changes.
[2025-12-24 00:54:10]    Consider running 'bd sync' to commit and push your changes first.
[2025-12-24 00:54:10] Pull failed: failed to get current branch: exit status 128
[2025-12-24 00:54:11] Import triggered by file change
[2025-12-24 00:54:11] Starting auto-import...
[2025-12-24 00:54:11] JSONL content changed, proceeding with auto-import...
[2025-12-24 00:54:11] File change detected: /Users/steveklabnik/Code/rue/work/.beads/issues.jsonl
[2025-12-24 00:54:11] ⚠️  WARNING: Uncommitted local changes detected in /Users/steveklabnik/Code/rue/work/.beads/issues.jsonl
[2025-12-24 00:54:11]    Pulling from remote may overwrite local unpushed changes.
[2025-12-24 00:54:11]    Consider running 'bd sync' to commit and push your changes first.
[2025-12-24 00:54:11] Pull failed: failed to get current branch: exit status 128
[2025-12-24 00:54:12] Import triggered by file change
[2025-12-24 00:54:12] Starting auto-import...
[2025-12-24 00:54:12] JSONL content changed, proceeding with auto-import...
[2025-12-24 00:54:12] File change detected: /Users/steveklabnik/Code/rue/work/.beads/issues.jsonl
[2025-12-24 00:54:12] ⚠️  WARNING: Uncommitted local changes detected in /Users/steveklabnik/Code/rue/work/.beads/issues.jsonl
[2025-12-24 00:54:12]    Pulling from remote may overwrite local unpushed changes.
[2025-12-24 00:54:12]    Consider running 'bd sync' to commit and push your changes first.
[2025-12-24 00:54:12] Pull failed: failed to get current branch: exit status 128
[2025-12-24 00:54:13] Import triggered by file change
[2025-12-24 00:54:13] Starting auto-import...
[2025-12-24 00:54:13] JSONL content changed, proceeding with auto-import...
[2025-12-24 00:54:13] File change detected: /Users/steveklabnik/Code/rue/work/.beads/issues.jsonl
[2025-12-24 00:54:13] ⚠️  WARNING: Uncommitted local changes detected in /Users/steveklabnik/Code/rue/work/.beads/issues.jsonl
[2025-12-24 00:54:13]    Pulling from remote may overwrite local unpushed changes.
[2025-12-24 00:54:13]    Consider running 'bd sync' to commit and push your changes first.
[2025-12-24 00:54:13] Pull failed: failed to get current branch: exit status 128
[2025-12-24 00:54:14] Import triggered by file change
[2025-12-24 00:54:14] Starting auto-import...
[2025-12-24 00:54:14] JSONL content changed, proceeding with auto-import...
[2025-12-24 00:54:14] File change detected: /Users/steveklabnik/Code/rue/work/.beads/issues.jsonl
[2025-12-24 00:54:14] ⚠️  WARNING: Uncommitted local changes detected in /Users/steveklabnik/Code/rue/work/.beads/issues.jsonl
[2025-12-24 00:54:14]    Pulling from remote may overwrite local unpushed changes.
[2025-12-24 00:54:14]    Consider running 'bd sync' to commit and push your changes first.
[2025-12-24 00:54:14] Pull failed: failed to get current branch: exit status 128
[2025-12-24 00:54:15] Import triggered by file change
[2025-12-24 00:54:15] Starting auto-import...
[2025-12-24 00:54:15] JSONL content changed, proceeding with auto-import...
[2025-12-24 00:54:15] File change detected: /Users/steveklabnik/Code/rue/work/.beads/issues.jsonl
[2025-12-24 00:54:15] ⚠️  WARNING: Uncommitted local changes detected in /Users/steveklabnik/Code/rue/work/.beads/issues.jsonl
[2025-12-24 00:54:15]    Pulling from remote may overwrite local unpushed changes.
[2025-12-24 00:54:15]    Consider running 'bd sync' to commit and push your changes first.
[2025-12-24 00:54:15] Pull failed: failed to get current branch: exit status 128
[2025-12-24 00:54:16] Import triggered by file change
[2025-12-24 00:54:16] Starting auto-import...
[2025-12-24 00:54:16] JSONL content changed, proceeding with auto-import...
[2025-12-24 00:54:16] File change detected: /Users/steveklabnik/Code/rue/work/.beads/issues.jsonl
[2025-12-24 00:54:16] ⚠️  WARNING: Uncommitted local changes detected in /Users/steveklabnik/Code/rue/work/.beads/issues.jsonl
[2025-12-24 00:54:16]    Pulling from remote may overwrite local unpushed changes.
[2025-12-24 00:54:16]    Consider running 'bd sync' to commit and push your changes first.
[2025-12-24 00:54:16] Pull failed: failed to get current branch: exit status 128
[2025-12-24 00:54:17] Import triggered by file change
[2025-12-24 00:54:17] Starting auto-import...
[2025-12-24 00:54:17] JSONL content changed, proceeding with auto-import...
[2025-12-24 00:54:17] File change detected: /Users/steveklabnik/Code/rue/work/.beads/issues.jsonl
[2025-12-24 00:54:17] ⚠️  WARNING: Uncommitted local changes detected in /Users/steveklabnik/Code/rue/work/.beads/issues.jsonl
[2025-12-24 00:54:17]    Pulling from remote may overwrite local unpushed changes.
[2025-12-24 00:54:17]    Consider running 'bd sync' to commit and push your changes first.
[2025-12-24 00:54:17] Pull failed: failed to get current branch: exit status 128
[2025-12-24 00:54:18] Import triggered by file change
[2025-12-24 00:54:18] Starting auto-import...
[2025-12-24 00:54:18] JSONL content changed, proceeding with auto-import...
[2025-12-24 00:54:18] File change detected: /Users/steveklabnik/Code/rue/work/.beads/issues.jsonl
[2025-12-24 00:54:18] ⚠️  WARNING: Uncommitted local changes detected in /Users/steveklabnik/Code/rue/work/.beads/issues.jsonl
[2025-12-24 00:54:18]    Pulling from remote may overwrite local unpushed changes.
[2025-12-24 00:54:18]    Consider running 'bd sync' to commit and push your changes first.
[2025-12-24 00:54:18] Pull failed: failed to get current branch: exit status 128
[2025-12-24 00:54:19] Import triggered by file change
[2025-12-24 00:54:19] Starting auto-import...
[2025-12-24 00:54:19] JSONL content changed, proceeding with auto-import...
[2025-12-24 00:54:19] File change detected: /Users/steveklabnik/Code/rue/work/.beads/issues.jsonl
[2025-12-24 00:54:19] ⚠️  WARNING: Uncommitted local changes detected in /Users/steveklabnik/Code/rue/work/.beads/issues.jsonl
[2025-12-24 00:54:19]    Pulling from remote may overwrite local unpushed changes.
[2025-12-24 00:54:19]    Consider running 'bd sync' to commit and push your changes first.
[2025-12-24 00:54:19] Pull failed: failed to get current branch: exit status 128
[2025-12-24 00:54:20] Import triggered by file change
[2025-12-24 00:54:20] Starting auto-import...
[2025-12-24 00:54:20] JSONL content changed, proceeding with auto-import...
[2025-12-24 00:54:20] File change detected: /Users/steveklabnik/Code/rue/work/.beads/issues.jsonl
[2025-12-24 00:54:20] ⚠️  WARNING: Uncommitted local changes detected in /Users/steveklabnik/Code/rue/work/.beads/issues.jsonl
[2025-12-24 00:54:20]    Pulling from remote may overwrite local unpushed changes.
[2025-12-24 00:54:20]    Consider running 'bd sync' to commit and push your changes first.
[2025-12-24 00:54:20] Pull failed: failed to get current branch: exit status 128
[2025-12-24 00:54:21] Import triggered by file change
[2025-12-24 00:54:21] Starting auto-import...
[2025-12-24 00:54:21] JSONL content changed, proceeding with auto-import...
[2025-12-24 00:54:21] File change detected: /Users/steveklabnik/Code/rue/work/.beads/issues.jsonl
[2025-12-24 00:54:21] ⚠️  WARNING: Uncommitted local changes detected in /Users/steveklabnik/Code/rue/work/.beads/issues.jsonl
[2025-12-24 00:54:21]    Pulling from remote may overwrite local unpushed changes.
[2025-12-24 00:54:21]    Consider running 'bd sync' to commit and push your changes first.
[2025-12-24 00:54:21] Pull failed: failed to get current branch: exit status 128
[2025-12-24 00:54:22] Import triggered by file change
[2025-12-24 00:54:22] Starting auto-import...
[2025-12-24 00:54:22] JSONL content changed, proceeding with auto-import...
[2025-12-24 00:54:22] File change detected: /Users/steveklabnik/Code/rue/work/.beads/issues.jsonl
[2025-12-24 00:54:22] ⚠️  WARNING: Uncommitted local changes detected in /Users/steveklabnik/Code/rue/work/.beads/issues.jsonl
[2025-12-24 00:54:22]    Pulling from remote may overwrite local unpushed changes.
[2025-12-24 00:54:22]    Consider running 'bd sync' to commit and push your changes first.
[2025-12-24 00:54:22] Pull failed: failed to get current branch: exit status 128
[2025-12-24 00:54:23] Import triggered by file change
[2025-12-24 00:54:23] Starting auto-import...
[2025-12-24 00:54:23] JSONL content changed, proceeding with auto-import...
[2025-12-24 00:54:23] File change detected: /Users/steveklabnik/Code/rue/work/.beads/issues.jsonl
[2025-12-24 00:54:23] ⚠️  WARNING: Uncommitted local changes detected in /Users/steveklabnik/Code/rue/work/.beads/issues.jsonl
[2025-12-24 00:54:23]    Pulling from remote may overwrite local unpushed changes.
[2025-12-24 00:54:23]    Consider running 'bd sync' to commit and push your changes first.
[2025-12-24 00:54:23] Pull failed: failed to get current branch: exit status 128
[2025-12-24 00:54:24] Import triggered by file change
[2025-12-24 00:54:24] Starting auto-import...
[2025-12-24 00:54:24] JSONL content changed, proceeding with auto-import...
[2025-12-24 00:54:24] File change detected: /Users/steveklabnik/Code/rue/work/.beads/issues.jsonl
[2025-12-24 00:54:24] ⚠️  WARNING: Uncommitted local changes detected in /Users/steveklabnik/Code/rue/work/.beads/issues.jsonl
[2025-12-24 00:54:24]    Pulling from remote may overwrite local unpushed changes.
[2025-12-24 00:54:24]    Consider running 'bd sync' to commit and push your changes first.
[2025-12-24 00:54:24] Pull failed: failed to get current branch: exit status 128
[2025-12-24 00:54:25] Import triggered by file change
[2025-12-24 00:54:25] Starting auto-import...
[2025-12-24 00:54:25] JSONL content changed, proceeding with auto-import...
[2025-12-24 00:54:25] File change detected: /Users/steveklabnik/Code/rue/work/.beads/issues.jsonl
[2025-12-24 00:54:25] ⚠️  WARNING: Uncommitted local changes detected in /Users/steveklabnik/Code/rue/work/.beads/issues.jsonl
[2025-12-24 00:54:25]    Pulling from remote may overwrite local unpushed changes.
[2025-12-24 00:54:25]    Consider running 'bd sync' to commit and push your changes first.
[2025-12-24 00:54:25] Pull failed: failed to get current branch: exit status 128
[2025-12-24 00:54:26] Import triggered by file change
[2025-12-24 00:54:26] Starting auto-import...
[2025-12-24 00:54:26] JSONL content changed, proceeding with auto-import...
[2025-12-24 00:54:26] File change detected: /Users/steveklabnik/Code/rue/work/.beads/issues.jsonl
[2025-12-24 00:54:26] ⚠️  WARNING: Uncommitted local changes detected in /Users/steveklabnik/Code/rue/work/.beads/issues.jsonl
[2025-12-24 00:54:26]    Pulling from remote may overwrite local unpushed changes.
[2025-12-24 00:54:26]    Consider running 'bd sync' to commit and push your changes first.
[2025-12-24 00:54:26] Pull failed: failed to get current branch: exit status 128
[2025-12-24 00:54:27] Import triggered by file change
[2025-12-24 00:54:27] Starting auto-import...
[2025-12-24 00:54:27] JSONL content changed, proceeding with auto-import...
[2025-12-24 00:54:27] File change detected: /Users/steveklabnik/Code/rue/work/.beads/issues.jsonl
[2025-12-24 00:54:27] ⚠️  WARNING: Uncommitted local changes detected in /Users/steveklabnik/Code/rue/work/.beads/issues.jsonl
[2025-12-24 00:54:27]    Pulling from remote may overwrite local unpushed changes.
[2025-12-24 00:54:27]    Consider running 'bd sync' to commit and push your changes first.
[2025-12-24 00:54:27] Pull failed: failed to get current branch: exit status 128
[2025-12-24 00:54:28] Import triggered by file change
[2025-12-24 00:54:28] Starting auto-import...
[2025-12-24 00:54:28] JSONL content changed, proceeding with auto-import...
[2025-12-24 00:54:28] File change detected: /Users/steveklabnik/Code/rue/work/.beads/issues.jsonl
[2025-12-24 00:54:28] ⚠️  WARNING: Uncommitted local changes detected in /Users/steveklabnik/Code/rue/work/.beads/issues.jsonl
[2025-12-24 00:54:28]    Pulling from remote may overwrite local unpushed changes.
[2025-12-24 00:54:28]    Consider running 'bd sync' to commit and push your changes first.
[2025-12-24 00:54:28] Pull failed: failed to get current branch: exit status 128
[2025-12-24 00:54:29] Import triggered by file change
[2025-12-24 00:54:29] Starting auto-import...
[2025-12-24 00:54:29] JSONL content changed, proceeding with auto-import...
[2025-12-24 00:54:29] File change detected: /Users/steveklabnik/Code/rue/work/.beads/issues.jsonl
[2025-12-24 00:54:29] ⚠️  WARNING: Uncommitted local changes detected in /Users/steveklabnik/Code/rue/work/.beads/issues.jsonl
[2025-12-24 00:54:29]    Pulling from remote may overwrite local unpushed changes.
[2025-12-24 00:54:29]    Consider running 'bd sync' to commit and push your changes first.
[2025-12-24 00:54:29] Pull failed: failed to get current branch: exit status 128
[2025-12-24 00:54:30] Import triggered by file change
[2025-12-24 00:54:30] Starting auto-import...
[2025-12-24 00:54:30] JSONL content changed, proceeding with auto-import...
[2025-12-24 00:54:30] File change detected: /Users/steveklabnik/Code/rue/work/.beads/issues.jsonl
[2025-12-24 00:54:30] ⚠️  WARNING: Uncommitted local changes detected in /Users/steveklabnik/Code/rue/work/.beads/issues.jsonl
[2025-12-24 00:54:30]    Pulling from remote may overwrite local unpushed changes.
[2025-12-24 00:54:30]    Consider running 'bd sync' to commit and push your changes first.
[2025-12-24 00:54:30] Pull failed: failed to get current branch: exit status 128
[2025-12-24 00:54:31] Import triggered by file change
[2025-12-24 00:54:31] Starting auto-import...
[2025-12-24 00:54:31] JSONL content changed, proceeding with auto-import...
[2025-12-24 00:54:31] File change detected: /Users/steveklabnik/Code/rue/work/.beads/issues.jsonl
[2025-12-24 00:54:31] ⚠️  WARNING: Uncommitted local changes detected in /Users/steveklabnik/Code/rue/work/.beads/issues.jsonl
[2025-12-24 00:54:31]    Pulling from remote may overwrite local unpushed changes.
[2025-12-24 00:54:31]    Consider running 'bd sync' to commit and push your changes first.
[2025-12-24 00:54:31] Pull failed: failed to get current branch: exit status 128
[2025-12-24 00:54:32] Import triggered by file change
[2025-12-24 00:54:32] Starting auto-import...
[2025-12-24 00:54:32] JSONL content changed, proceeding with auto-import...
[2025-12-24 00:54:32] File change detected: /Users/steveklabnik/Code/rue/work/.beads/issues.jsonl
[2025-12-24 00:54:32] ⚠️  WARNING: Uncommitted local changes detected in /Users/steveklabnik/Code/rue/work/.beads/issues.jsonl
[2025-12-24 00:54:32]    Pulling from remote may overwrite local unpushed changes.
[2025-12-24 00:54:32]    Consider running 'bd sync' to commit and push your changes first.
[2025-12-24 00:54:32] Pull failed: failed to get current branch: exit status 128
[2025-12-24 00:54:33] Import triggered by file change
[2025-12-24 00:54:33] Starting auto-import...
[2025-12-24 00:54:33] JSONL content changed, proceeding with auto-import...
[2025-12-24 00:54:33] File change detected: /Users/steveklabnik/Code/rue/work/.beads/issues.jsonl
[2025-12-24 00:54:33] ⚠️  WARNING: Uncommitted local changes detected in /Users/steveklabnik/Code/rue/work/.beads/issues.jsonl
[2025-12-24 00:54:33]    Pulling from remote may overwrite local unpushed changes.
[2025-12-24 00:54:33]    Consider running 'bd sync' to commit and push your changes first.
[2025-12-24 00:54:33] Pull failed: failed to get current branch: exit status 128
[2025-12-24 00:54:34] Import triggered by file change
[2025-12-24 00:54:34] Starting auto-import...
[2025-12-24 00:54:34] JSONL content changed, proceeding with auto-import...
[2025-12-24 00:54:34] File change detected: /Users/steveklabnik/Code/rue/work/.beads/issues.jsonl
[2025-12-24 00:54:34] ⚠️  WARNING: Uncommitted local changes detected in /Users/steveklabnik/Code/rue/work/.beads/issues.jsonl
[2025-12-24 00:54:34]    Pulling from remote may overwrite local unpushed changes.
[2025-12-24 00:54:34]    Consider running 'bd sync' to commit and push your changes first.
[2025-12-24 00:54:34] Pull failed: failed to get current branch: exit status 128
[2025-12-24 00:54:35] Import triggered by file change
[2025-12-24 00:54:35] Starting auto-import...
[2025-12-24 00:54:35] JSONL content changed, proceeding with auto-import...
[2025-12-24 00:54:35] File change detected: /Users/steveklabnik/Code/rue/work/.beads/issues.jsonl
[2025-12-24 00:54:35] ⚠️  WARNING: Uncommitted local changes detected in /Users/steveklabnik/Code/rue/work/.beads/issues.jsonl
[2025-12-24 00:54:35]    Pulling from remote may overwrite local unpushed changes.
[2025-12-24 00:54:35]    Consider running 'bd sync' to commit and push your changes first.
[2025-12-24 00:54:35] Pull failed: failed to get current branch: exit status 128
[2025-12-24 00:54:36] Import triggered by file change
[2025-12-24 00:54:36] Starting auto-import...
[2025-12-24 00:54:36] JSONL content changed, proceeding with auto-import...
[2025-12-24 00:54:36] File change detected: /Users/steveklabnik/Code/rue/work/.beads/issues.jsonl
[2025-12-24 00:54:36] ⚠️  WARNING: Uncommitted local changes detected in /Users/steveklabnik/Code/rue/work/.beads/issues.jsonl
[2025-12-24 00:54:36]    Pulling from remote may overwrite local unpushed changes.
[2025-12-24 00:54:36]    Consider running 'bd sync' to commit and push your changes first.
[2025-12-24 00:54:36] Pull failed: failed to get current branch: exit status 128
[2025-12-24 00:54:37] Import triggered by file change
[2025-12-24 00:54:37] Starting auto-import...
[2025-12-24 00:54:37] JSONL content changed, proceeding with auto-import...
[2025-12-24 00:54:37] File change detected: /Users/steveklabnik/Code/rue/work/.beads/issues.jsonl
[2025-12-24 00:54:37] ⚠️  WARNING: Uncommitted local changes detected in /Users/steveklabnik/Code/rue/work/.beads/issues.jsonl
[2025-12-24 00:54:37]    Pulling from remote may overwrite local unpushed changes.
[2025-12-24 00:54:37]    Consider running 'bd sync' to commit and push your changes first.
[2025-12-24 00:54:37] Pull failed: failed to get current branch: exit status 128
[2025-12-24 00:54:38] Import triggered by file change
[2025-12-24 00:54:38] Starting auto-import...
[2025-12-24 00:54:38] JSONL content changed, proceeding with auto-import...
[2025-12-24 00:54:38] File change detected: /Users/steveklabnik/Code/rue/work/.beads/issues.jsonl
[2025-12-24 00:54:38] ⚠️  WARNING: Uncommitted local changes detected in /Users/steveklabnik/Code/rue/work/.beads/issues.jsonl
[2025-12-24 00:54:38]    Pulling from remote may overwrite local unpushed changes.
[2025-12-24 00:54:38]    Consider running 'bd sync' to commit and push your changes first.
[2025-12-24 00:54:38] Pull failed: failed to get current branch: exit status 128
[2025-12-24 00:54:39] Import triggered by file change
[2025-12-24 00:54:39] Starting auto-import...
[2025-12-24 00:54:39] JSONL content changed, proceeding with auto-import...
[2025-12-24 00:54:39] File change detected: /Users/steveklabnik/Code/rue/work/.beads/issues.jsonl
[2025-12-24 00:54:39] ⚠️  WARNING: Uncommitted local changes detected in /Users/steveklabnik/Code/rue/work/.beads/issues.jsonl
[2025-12-24 00:54:39]    Pulling from remote may overwrite local unpushed changes.
[2025-12-24 00:54:39]    Consider running 'bd sync' to commit and push your changes first.
[2025-12-24 00:54:39] Pull failed: failed to get current branch: exit status 128
[2025-12-24 00:54:40] Import triggered by file change
[2025-12-24 00:54:40] Starting auto-import...
[2025-12-24 00:54:40] JSONL content changed, proceeding with auto-import...
[2025-12-24 00:54:40] File change detected: /Users/steveklabnik/Code/rue/work/.beads/issues.jsonl
[2025-12-24 00:54:40] ⚠️  WARNING: Uncommitted local changes detected in /Users/steveklabnik/Code/rue/work/.beads/issues.jsonl
[2025-12-24 00:54:40]    Pulling from remote may overwrite local unpushed changes.
[2025-12-24 00:54:40]    Consider running 'bd sync' to commit and push your changes first.
[2025-12-24 00:54:40] Pull failed: failed to get current branch: exit status 128
[2025-12-24 00:54:41] JSONL removed/renamed, re-establishing watch
[2025-12-24 00:54:41] Successfully re-established JSONL watch after 50ms
[2025-12-24 00:54:41] JSONL file created: /Users/steveklabnik/Code/rue/work/.beads/issues.jsonl
[2025-12-24 00:54:41] Import triggered by file change
[2025-12-24 00:54:41] Starting auto-import...
[2025-12-24 00:54:41] JSONL content changed, proceeding with auto-import...
[2025-12-24 00:54:41] File change detected: /Users/steveklabnik/Code/rue/work/.beads/issues.jsonl
[2025-12-24 00:54:41] Pull failed: failed to get current branch: exit status 128
[2025-12-24 00:54:42] Import triggered by file change
[2025-12-24 00:54:42] Starting auto-import...
[2025-12-24 00:54:42] JSONL content changed, proceeding with auto-import...
[2025-12-24 00:54:42] File change detected: /Users/steveklabnik/Code/rue/work/.beads/issues.jsonl
[2025-12-24 00:54:42] Pull failed: failed to get current branch: exit status 128
[2025-12-24 00:54:43] Import triggered by file change
[2025-12-24 00:54:43] Starting auto-import...
[2025-12-24 00:54:43] JSONL content changed, proceeding with auto-import...
[2025-12-24 00:54:43] Pull failed: failed to get current branch: exit status 128
[2025-12-24 00:54:55] JSONL removed/renamed, re-establishing watch
[2025-12-24 00:54:55] Successfully re-established JSONL watch after 50ms
[2025-12-24 00:54:55] JSONL file created: /Users/steveklabnik/Code/rue/work/.beads/issues.jsonl
[2025-12-24 00:54:56] Import triggered by file change
[2025-12-24 00:54:56] Starting auto-import...
[2025-12-24 00:54:56] JSONL content changed, proceeding with auto-import...
[2025-12-24 00:54:56] ⚠️  WARNING: Uncommitted local changes detected in /Users/steveklabnik/Code/rue/work/.beads/issues.jsonl
[2025-12-24 00:54:56]    Pulling from remote may overwrite local unpushed changes.
[2025-12-24 00:54:56]    Consider running 'bd sync' to commit and push your changes first.
[2025-12-24 00:54:56] Pull failed: failed to get current branch: exit status 128
[2025-12-24 01:00:04] File change detected: /Users/steveklabnik/Code/rue/work/.beads/issues.jsonl
[2025-12-24 01:00:05] Import triggered by file change
[2025-12-24 01:00:05] Starting auto-import...
[2025-12-24 01:00:05] JSONL content changed, proceeding with auto-import...
[2025-12-24 01:00:05] ⚠️  WARNING: Uncommitted local changes detected in /Users/steveklabnik/Code/rue/work/.beads/issues.jsonl
[2025-12-24 01:00:05]    Pulling from remote may overwrite local unpushed changes.
[2025-12-24 01:00:05]    Consider running 'bd sync' to commit and push your changes first.
[2025-12-24 01:00:05] Pull failed: failed to get current branch: exit status 128
[2025-12-24 02:13:46] JSONL removed/renamed, re-establishing watch
[2025-12-24 02:13:46] Successfully re-established JSONL watch after 50ms
[2025-12-24 02:13:46] JSONL file created: /Users/steveklabnik/Code/rue/work/.beads/issues.jsonl
[2025-12-24 02:13:47] Import triggered by file change
[2025-12-24 02:13:47] Starting auto-import...
[2025-12-24 02:13:47] Skipping auto-import: JSONL content unchanged
[2025-12-24 02:14:25] JSONL removed/renamed, re-establishing watch
[2025-12-24 02:14:25] Successfully re-established JSONL watch after 50ms
[2025-12-24 02:14:25] JSONL file created: /Users/steveklabnik/Code/rue/work/.beads/issues.jsonl
[2025-12-24 02:14:26] Import triggered by file change
[2025-12-24 02:14:26] Starting auto-import...
[2025-12-24 02:14:26] Skipping auto-import: JSONL content unchanged
[2025-12-24 02:14:43] Git HEAD change detected: /Users/steveklabnik/Code/rue/work/.git/HEAD
[2025-12-24 02:14:44] Import triggered by file change
[2025-12-24 02:14:44] Starting auto-import...
[2025-12-24 02:14:44] Skipping auto-import: JSONL content unchanged
[2025-12-24 09:41:14] Git HEAD change detected: /Users/steveklabnik/Code/rue/work/.git/HEAD
[2025-12-24 09:41:14] JSONL removed/renamed, re-establishing watch
[2025-12-24 09:41:14] Successfully re-established JSONL watch after 50ms
[2025-12-24 09:41:14] JSONL file created: /Users/steveklabnik/Code/rue/work/.beads/issues.jsonl
[2025-12-24 09:41:15] Import triggered by file change
[2025-12-24 09:41:15] Starting auto-import...
[2025-12-24 09:41:15] JSONL content changed, proceeding with auto-import...
[2025-12-24 09:41:15] ⚠️  WARNING: Uncommitted local changes detected in /Users/steveklabnik/Code/rue/work/.beads/issues.jsonl
[2025-12-24 09:41:15]    Pulling from remote may overwrite local unpushed changes.
[2025-12-24 09:41:15]    Consider running 'bd sync' to commit and push your changes first.
[2025-12-24 09:41:15] Pull failed: failed to get current branch: exit status 128
[2025-12-24 09:45:07] Git HEAD change detected: /Users/steveklabnik/Code/rue/work/.git/HEAD
[2025-12-24 09:45:08] Import triggered by file change
[2025-12-24 09:45:08] Starting auto-import...
[2025-12-24 09:45:08] JSONL content changed, proceeding with auto-import...
[2025-12-24 09:45:08] ⚠️  WARNING: Uncommitted local changes detected in /Users/steveklabnik/Code/rue/work/.beads/issues.jsonl
[2025-12-24 09:45:08]    Pulling from remote may overwrite local unpushed changes.
[2025-12-24 09:45:08]    Consider running 'bd sync' to commit and push your changes first.
[2025-12-24 09:45:08] Pull failed: failed to get current branch: exit status 128
[2025-12-24 09:46:25] File change detected: /Users/steveklabnik/Code/rue/work/.beads/issues.jsonl
[2025-12-24 09:46:26] Import triggered by file change
[2025-12-24 09:46:26] Starting auto-import...
[2025-12-24 09:46:26] JSONL content changed, proceeding with auto-import...
[2025-12-24 09:46:26] ⚠️  WARNING: Uncommitted local changes detected in /Users/steveklabnik/Code/rue/work/.beads/issues.jsonl
[2025-12-24 09:46:26]    Pulling from remote may overwrite local unpushed changes.
[2025-12-24 09:46:26]    Consider running 'bd sync' to commit and push your changes first.
[2025-12-24 09:46:26] Pull failed: failed to get current branch: exit status 128
[2025-12-24 09:47:24] File change detected: /Users/steveklabnik/Code/rue/work/.beads/issues.jsonl
[2025-12-24 09:47:25] Import triggered by file change
[2025-12-24 09:47:25] Starting auto-import...
[2025-12-24 09:47:25] JSONL content changed, proceeding with auto-import...
[2025-12-24 09:47:25] ⚠️  WARNING: Uncommitted local changes detected in /Users/steveklabnik/Code/rue/work/.beads/issues.jsonl
[2025-12-24 09:47:25]    Pulling from remote may overwrite local unpushed changes.
[2025-12-24 09:47:25]    Consider running 'bd sync' to commit and push your changes first.
[2025-12-24 09:47:25] Pull failed: failed to get current branch: exit status 128
[2025-12-24 09:48:42] File change detected: /Users/steveklabnik/Code/rue/work/.beads/issues.jsonl
[2025-12-24 09:48:43] Import triggered by file change
[2025-12-24 09:48:43] Starting auto-import...
[2025-12-24 09:48:43] JSONL content changed, proceeding with auto-import...
[2025-12-24 09:48:43] ⚠️  WARNING: Uncommitted local changes detected in /Users/steveklabnik/Code/rue/work/.beads/issues.jsonl
[2025-12-24 09:48:43]    Pulling from remote may overwrite local unpushed changes.
[2025-12-24 09:48:43]    Consider running 'bd sync' to commit and push your changes first.
[2025-12-24 09:48:43] Pull failed: failed to get current branch: exit status 128
[2025-12-24 09:49:02] Git HEAD change detected: /Users/steveklabnik/Code/rue/work/.git/HEAD
[2025-12-24 09:49:03] Import triggered by file change
[2025-12-24 09:49:03] Starting auto-import...
[2025-12-24 09:49:03] JSONL content changed, proceeding with auto-import...
[2025-12-24 09:49:04] File change detected: /Users/steveklabnik/Code/rue/work/.beads/issues.jsonl
[2025-12-24 09:49:04] Pull failed: failed to get current branch: exit status 128
[2025-12-24 09:49:05] Import triggered by file change
[2025-12-24 09:49:05] Starting auto-import...
[2025-12-24 09:49:05] JSONL content changed, proceeding with auto-import...
[2025-12-24 09:49:05] Pull failed: failed to get current branch: exit status 128
[2025-12-24 09:54:03] JSONL removed/renamed, re-establishing watch
[2025-12-24 09:54:03] Successfully re-established JSONL watch after 50ms
[2025-12-24 09:54:03] JSONL file created: /Users/steveklabnik/Code/rue/work/.beads/issues.jsonl
[2025-12-24 09:54:04] Import triggered by file change
[2025-12-24 09:54:04] Starting auto-import...
[2025-12-24 09:54:04] JSONL content changed, proceeding with auto-import...
[2025-12-24 09:54:04] ⚠️  WARNING: Uncommitted local changes detected in /Users/steveklabnik/Code/rue/work/.beads/issues.jsonl
[2025-12-24 09:54:04]    Pulling from remote may overwrite local unpushed changes.
[2025-12-24 09:54:04]    Consider running 'bd sync' to commit and push your changes first.
[2025-12-24 09:54:04] Pull failed: failed to get current branch: exit status 128
[2025-12-24 09:54:36] JSONL removed/renamed, re-establishing watch
[2025-12-24 09:54:36] Successfully re-established JSONL watch after 50ms
[2025-12-24 09:54:36] JSONL file created: /Users/steveklabnik/Code/rue/work/.beads/issues.jsonl
[2025-12-24 09:54:37] Import triggered by file change
[2025-12-24 09:54:37] Starting auto-import...
[2025-12-24 09:54:37] Skipping auto-import: JSONL content unchanged
[2025-12-24 09:55:57] Git HEAD change detected: /Users/steveklabnik/Code/rue/work/.git/HEAD
[2025-12-24 09:55:58] Import triggered by file change
[2025-12-24 09:55:58] Starting auto-import...
[2025-12-24 09:55:58] Skipping auto-import: JSONL content unchanged
[2025-12-24 10:16:50] Git HEAD change detected: /Users/steveklabnik/Code/rue/work/.git/HEAD
[2025-12-24 10:16:51] Import triggered by file change
[2025-12-24 10:16:51] Starting auto-import...
[2025-12-24 10:16:51] Skipping auto-import: JSONL content unchanged
[2025-12-24 10:47:16] Git HEAD change detected: /Users/steveklabnik/Code/rue/work/.git/HEAD
[2025-12-24 10:47:16] JSONL removed/renamed, re-establishing watch
[2025-12-24 10:47:16] Successfully re-established JSONL watch after 50ms
[2025-12-24 10:47:16] JSONL file created: /Users/steveklabnik/Code/rue/work/.beads/issues.jsonl
[2025-12-24 10:47:17] Import triggered by file change
[2025-12-24 10:47:17] Starting auto-import...
[2025-12-24 10:47:17] JSONL content changed, proceeding with auto-import...
[2025-12-24 10:47:17] File change detected: /Users/steveklabnik/Code/rue/work/.beads/issues.jsonl
[2025-12-24 10:47:17] Pull failed: failed to get current branch: exit status 128
[2025-12-24 10:47:18] Import triggered by file change
[2025-12-24 10:47:18] Starting auto-import...
[2025-12-24 10:47:18] JSONL content changed, proceeding with auto-import...
[2025-12-24 10:47:18] Pull failed: failed to get current branch: exit status 128
[2025-12-24 10:47:22] Git HEAD change detected: /Users/steveklabnik/Code/rue/work/.git/HEAD
[2025-12-24 10:47:22] JSONL removed/renamed, re-establishing watch
[2025-12-24 10:47:22] Successfully re-established JSONL watch after 50ms
[2025-12-24 10:47:22] JSONL file created: /Users/steveklabnik/Code/rue/work/.beads/issues.jsonl
[2025-12-24 10:47:23] Import triggered by file change
[2025-12-24 10:47:23] Starting auto-import...
[2025-12-24 10:47:23] JSONL content changed, proceeding with auto-import...
[2025-12-24 10:47:23] File change detected: /Users/steveklabnik/Code/rue/work/.beads/issues.jsonl
[2025-12-24 10:47:23] Pull failed: failed to get current branch: exit status 128
[2025-12-24 10:47:24] Import triggered by file change
[2025-12-24 10:47:24] Starting auto-import...
[2025-12-24 10:47:24] JSONL content changed, proceeding with auto-import...
[2025-12-24 10:47:24] Pull failed: failed to get current branch: exit status 128
[2025-12-24 10:54:49] Mutation detected: status tree1-apd
[2025-12-24 10:54:50] Export triggered by mutation events
[2025-12-24 10:54:50] Starting export...
[2025-12-24 10:54:50] Exported to JSONL
[2025-12-24 10:54:50] JSONL removed/renamed, re-establishing watch
[2025-12-24 10:54:50] Export complete
[2025-12-24 10:54:50] Successfully re-established JSONL watch after 50ms
[2025-12-24 10:54:50] JSONL file created: /Users/steveklabnik/Code/rue/work/.beads/issues.jsonl
[2025-12-24 10:54:51] Import triggered by file change
[2025-12-24 10:54:51] Starting auto-import...
[2025-12-24 10:54:51] Skipping auto-import: JSONL content unchanged
[2025-12-24 10:55:49] JSONL removed/renamed, re-establishing watch
[2025-12-24 10:55:49] Successfully re-established JSONL watch after 50ms
[2025-12-24 10:55:49] JSONL file created: /Users/steveklabnik/Code/rue/work/.beads/issues.jsonl
[2025-12-24 10:55:50] Import triggered by file change
[2025-12-24 10:55:50] Starting auto-import...
[2025-12-24 10:55:50] JSONL content changed, proceeding with auto-import...
[2025-12-24 10:55:50] File change detected: /Users/steveklabnik/Code/rue/work/.beads/issues.jsonl
[2025-12-24 10:55:50] Pull failed: failed to get current branch: exit status 128
[2025-12-24 10:55:51] Import triggered by file change
[2025-12-24 10:55:51] Starting auto-import...
[2025-12-24 10:55:51] JSONL content changed, proceeding with auto-import...
[2025-12-24 10:55:51] Pull failed: failed to get current branch: exit status 128
[2025-12-24 11:58:41] Mutation detected: create tree1-205
[2025-12-24 11:58:42] Export triggered by mutation events
[2025-12-24 11:58:42] Starting export...
[2025-12-24 11:58:42] Exported to JSONL
[2025-12-24 11:58:42] JSONL removed/renamed, re-establishing watch
[2025-12-24 11:58:42] Export complete
[2025-12-24 11:58:42] Successfully re-established JSONL watch after 50ms
[2025-12-24 11:58:42] JSONL file created: /Users/steveklabnik/Code/rue/work/.beads/issues.jsonl
[2025-12-24 11:58:43] Import triggered by file change
[2025-12-24 11:58:43] Starting auto-import...
[2025-12-24 11:58:43] Skipping auto-import: JSONL content unchanged
[2025-12-24 11:58:55] Mutation detected: create tree1-205.1
[2025-12-24 11:58:56] Export triggered by mutation events
[2025-12-24 11:58:56] Starting export...
[2025-12-24 11:58:56] Exported to JSONL
[2025-12-24 11:58:56] JSONL removed/renamed, re-establishing watch
[2025-12-24 11:58:56] Export complete
[2025-12-24 11:58:56] Successfully re-established JSONL watch after 50ms
[2025-12-24 11:58:56] JSONL file created: /Users/steveklabnik/Code/rue/work/.beads/issues.jsonl
[2025-12-24 11:58:57] Import triggered by file change
[2025-12-24 11:58:57] Starting auto-import...
[2025-12-24 11:58:57] Skipping auto-import: JSONL content unchanged
[2025-12-24 11:58:57] Mutation detected: create tree1-205.2
[2025-12-24 11:58:57] Export triggered by mutation events
[2025-12-24 11:58:57] Starting export...
[2025-12-24 11:58:57] Exported to JSONL
[2025-12-24 11:58:57] JSONL removed/renamed, re-establishing watch
[2025-12-24 11:58:57] Export complete
[2025-12-24 11:58:57] Successfully re-established JSONL watch after 50ms
[2025-12-24 11:58:57] JSONL file created: /Users/steveklabnik/Code/rue/work/.beads/issues.jsonl
[2025-12-24 11:58:58] Mutation detected: create tree1-205.3
[2025-12-24 11:58:58] Export triggered by mutation events
[2025-12-24 11:58:58] Starting export...
[2025-12-24 11:58:58] Exported to JSONL
[2025-12-24 11:58:58] JSONL removed/renamed, re-establishing watch
[2025-12-24 11:58:58] Export complete
[2025-12-24 11:58:58] Successfully re-established JSONL watch after 50ms
[2025-12-24 11:58:58] JSONL file created: /Users/steveklabnik/Code/rue/work/.beads/issues.jsonl
[2025-12-24 11:58:58] Import triggered by file change
[2025-12-24 11:58:58] Starting auto-import...
[2025-12-24 11:58:58] Skipping auto-import: JSONL content unchanged
[2025-12-24 11:58:59] Mutation detected: create tree1-205.4
[2025-12-24 11:58:59] Export triggered by mutation events
[2025-12-24 11:58:59] Starting export...
[2025-12-24 11:58:59] Exported to JSONL
[2025-12-24 11:58:59] JSONL removed/renamed, re-establishing watch
[2025-12-24 11:58:59] Export complete
[2025-12-24 11:58:59] Successfully re-established JSONL watch after 50ms
[2025-12-24 11:58:59] JSONL file created: /Users/steveklabnik/Code/rue/work/.beads/issues.jsonl
[2025-12-24 11:58:59] Import triggered by file change
[2025-12-24 11:58:59] Starting auto-import...
[2025-12-24 11:58:59] Skipping auto-import: JSONL content unchanged
[2025-12-24 11:59:00] Mutation detected: create tree1-205.5
[2025-12-24 11:59:00] Export triggered by mutation events
[2025-12-24 11:59:00] Starting export...
[2025-12-24 11:59:00] Exported to JSONL
[2025-12-24 11:59:00] JSONL removed/renamed, re-establishing watch
[2025-12-24 11:59:00] Export complete
[2025-12-24 11:59:00] Successfully re-established JSONL watch after 50ms
[2025-12-24 11:59:00] JSONL file created: /Users/steveklabnik/Code/rue/work/.beads/issues.jsonl
[2025-12-24 11:59:00] Import triggered by file change
[2025-12-24 11:59:00] Starting auto-import...
[2025-12-24 11:59:00] Skipping auto-import: JSONL content unchanged
[2025-12-24 11:59:01] Import triggered by file change
[2025-12-24 11:59:01] Starting auto-import...
[2025-12-24 11:59:01] Skipping auto-import: JSONL content unchanged
[2025-12-24 11:59:08] Mutation detected: update tree1-205.2
[2025-12-24 11:59:08] Mutation detected: update tree1-205.3
[2025-12-24 11:59:08] Mutation detected: update tree1-205.4
[2025-12-24 11:59:08] Mutation detected: update tree1-205.5
[2025-12-24 11:59:09] Export triggered by mutation events
[2025-12-24 11:59:09] Starting export...
[2025-12-24 11:59:09] Exported to JSONL
[2025-12-24 11:59:09] JSONL removed/renamed, re-establishing watch
[2025-12-24 11:59:09] Export complete
[2025-12-24 11:59:09] Successfully re-established JSONL watch after 50ms
[2025-12-24 11:59:09] JSONL file created: /Users/steveklabnik/Code/rue/work/.beads/issues.jsonl
[2025-12-24 11:59:10] Import triggered by file change
[2025-12-24 11:59:10] Starting auto-import...
[2025-12-24 11:59:10] Skipping auto-import: JSONL content unchanged
[2025-12-24 12:01:40] Git HEAD change detected: /Users/steveklabnik/Code/rue/work/.git/HEAD
[2025-12-24 12:01:41] Import triggered by file change
[2025-12-24 12:01:41] Starting auto-import...
[2025-12-24 12:01:41] Skipping auto-import: JSONL content unchanged
[2025-12-24 12:02:17] Git HEAD change detected: /Users/steveklabnik/Code/rue/work/.git/HEAD
[2025-12-24 12:02:17] JSONL removed/renamed, re-establishing watch
[2025-12-24 12:02:17] Successfully re-established JSONL watch after 50ms
[2025-12-24 12:02:17] JSONL file created: /Users/steveklabnik/Code/rue/work/.beads/issues.jsonl
[2025-12-24 12:02:18] Import triggered by file change
[2025-12-24 12:02:18] Starting auto-import...
[2025-12-24 12:02:18] JSONL content changed, proceeding with auto-import...
[2025-12-24 12:02:18] ⚠️  WARNING: Uncommitted local changes detected in /Users/steveklabnik/Code/rue/work/.beads/issues.jsonl
[2025-12-24 12:02:18]    Pulling from remote may overwrite local unpushed changes.
[2025-12-24 12:02:18]    Consider running 'bd sync' to commit and push your changes first.
[2025-12-24 12:02:18] Pull failed: failed to get current branch: exit status 128
[2025-12-24 12:02:57] JSONL removed/renamed, re-establishing watch
[2025-12-24 12:02:57] Successfully re-established JSONL watch after 50ms
[2025-12-24 12:02:57] JSONL file created: /Users/steveklabnik/Code/rue/work/.beads/issues.jsonl
[2025-12-24 12:02:58] Import triggered by file change
[2025-12-24 12:02:58] Starting auto-import...
[2025-12-24 12:02:58] Skipping auto-import: JSONL content unchanged
[2025-12-24 12:03:09] Git HEAD change detected: /Users/steveklabnik/Code/rue/work/.git/HEAD
[2025-12-24 12:03:10] Import triggered by file change
[2025-12-24 12:03:10] Starting auto-import...
[2025-12-24 12:03:10] Skipping auto-import: JSONL content unchanged
[2025-12-24 12:13:46] Git HEAD change detected: /Users/steveklabnik/Code/rue/work/.git/HEAD
[2025-12-24 12:13:46] JSONL removed/renamed, re-establishing watch
[2025-12-24 12:13:46] Successfully re-established JSONL watch after 50ms
[2025-12-24 12:13:46] JSONL file created: /Users/steveklabnik/Code/rue/work/.beads/issues.jsonl
[2025-12-24 12:13:47] Import triggered by file change
[2025-12-24 12:13:47] Starting auto-import...
[2025-12-24 12:13:47] JSONL content changed, proceeding with auto-import...
[2025-12-24 12:13:47] File change detected: /Users/steveklabnik/Code/rue/work/.beads/issues.jsonl
[2025-12-24 12:13:47] Pull failed: failed to get current branch: exit status 128
[2025-12-24 12:13:48] Import triggered by file change
[2025-12-24 12:13:48] Starting auto-import...
[2025-12-24 12:13:48] JSONL content changed, proceeding with auto-import...
[2025-12-24 12:13:48] Pull failed: failed to get current branch: exit status 128
[2025-12-24 12:13:51] Git HEAD change detected: /Users/steveklabnik/Code/rue/work/.git/HEAD
[2025-12-24 12:13:51] JSONL removed/renamed, re-establishing watch
[2025-12-24 12:13:51] Successfully re-established JSONL watch after 50ms
[2025-12-24 12:13:51] JSONL file created: /Users/steveklabnik/Code/rue/work/.beads/issues.jsonl
[2025-12-24 12:13:52] Import triggered by file change
[2025-12-24 12:13:52] Starting auto-import...
[2025-12-24 12:13:52] Skipping auto-import: JSONL content unchanged
[2025-12-24 12:14:11] File change detected: /Users/steveklabnik/Code/rue/work/.beads/issues.jsonl
[2025-12-24 12:14:12] Import triggered by file change
[2025-12-24 12:14:12] Starting auto-import...
[2025-12-24 12:14:12] Skipping auto-import: JSONL content unchanged
[2025-12-24 12:19:18] JSONL removed/renamed, re-establishing watch
[2025-12-24 12:19:18] Successfully re-established JSONL watch after 50ms
[2025-12-24 12:19:18] JSONL file created: /Users/steveklabnik/Code/rue/work/.beads/issues.jsonl
[2025-12-24 12:19:19] Import triggered by file change
[2025-12-24 12:19:19] Starting auto-import...
[2025-12-24 12:19:19] Skipping auto-import: JSONL content unchanged
[2025-12-24 12:19:29] JSONL removed/renamed, re-establishing watch
[2025-12-24 12:19:29] Successfully re-established JSONL watch after 50ms
[2025-12-24 12:19:29] JSONL file created: /Users/steveklabnik/Code/rue/work/.beads/issues.jsonl
[2025-12-24 12:19:30] Import triggered by file change
[2025-12-24 12:19:30] Starting auto-import...
[2025-12-24 12:19:30] Skipping auto-import: JSONL content unchanged
[2025-12-24 12:19:44] Received signal terminated, shutting down...
[2025-12-24 12:19:44] Daemon started (interval: 5s, auto-commit: false, auto-push: false)
[2025-12-24 12:19:44] Using database: /Users/steveklabnik/Code/rue/work/.beads/beads.db
[2025-12-24 12:19:44] Database opened: /Users/steveklabnik/Code/rue/work/.beads/beads.db (freshness checking enabled)
[2025-12-24 12:19:44] Repository fingerprint validated: 437e9369
[2025-12-24 12:19:44] Starting RPC server: /Users/steveklabnik/Code/rue/work/.beads/bd.sock
[2025-12-24 12:19:44] RPC server ready (socket listening)
[2025-12-24 12:19:44] Registered in global registry
[2025-12-24 12:19:44] Starting sync cycle...
[2025-12-24 12:19:44] Exported to JSONL
[2025-12-24 12:19:44] Pull failed: failed to get current branch: exit status 128
[2025-12-24 12:19:44] Monitoring parent process (PID 0)
[2025-12-24 12:19:44] Using event-driven mode
[2025-12-24 12:19:44] Auto-pull disabled: use 'git pull' manually to sync remote changes
[2025-12-24 12:24:40] Received signal terminated, shutting down...
[2025-12-24 12:24:41] Daemon started (interval: 5s, auto-commit: false, auto-push: false)
[2025-12-24 12:24:41] Using database: /Users/steveklabnik/Code/rue/work/.beads/beads.db
[2025-12-24 12:24:41] Database opened: /Users/steveklabnik/Code/rue/work/.beads/beads.db (freshness checking enabled)
[2025-12-24 12:24:41] Repository fingerprint validated: 437e9369
[2025-12-24 12:24:41] Starting RPC server: /Users/steveklabnik/Code/rue/work/.beads/bd.sock
[2025-12-24 12:24:41] RPC server ready (socket listening)
[2025-12-24 12:24:41] Registered in global registry
[2025-12-24 12:24:41] Starting sync cycle...
[2025-12-24 12:24:41] Exported to JSONL
[2025-12-24 12:24:42] Sync branch pull failed: git pull failed in worktree: exit status 1
fatal: couldn't find remote ref beads-sync

[2025-12-24 12:24:42] Monitoring parent process (PID 0)
[2025-12-24 12:24:42] Using event-driven mode
[2025-12-24 12:24:42] Auto-pull disabled: use 'git pull' manually to sync remote changes
[2025-12-24 12:31:50] Git HEAD change detected: .git/HEAD
[2025-12-24 12:31:51] Import triggered by file change
[2025-12-24 12:31:51] Starting auto-import...
[2025-12-24 12:31:51] Skipping auto-import: JSONL content unchanged
[2025-12-24 12:32:09] File change detected: /Users/steveklabnik/Code/rue/work/.beads/issues.jsonl
[2025-12-24 12:32:10] Import triggered by file change
[2025-12-24 12:32:10] Starting auto-import...
[2025-12-24 12:32:10] Skipping auto-import: JSONL content unchanged
[2025-12-24 12:32:17] JSONL removed/renamed, re-establishing watch
[2025-12-24 12:32:17] Successfully re-established JSONL watch after 50ms
[2025-12-24 12:32:17] JSONL file created: /Users/steveklabnik/Code/rue/work/.beads/issues.jsonl
[2025-12-24 12:32:18] Git ref change detected: .git/refs/heads/beads-sync.lock
[2025-12-24 12:32:18] Import triggered by file change
[2025-12-24 12:32:18] Starting auto-import...
[2025-12-24 12:32:18] Skipping auto-import: JSONL content unchanged
[2025-12-24 12:32:19] Import triggered by file change
[2025-12-24 12:32:19] Starting auto-import...
[2025-12-24 12:32:19] Skipping auto-import: JSONL content unchanged
[2025-12-24 12:32:20] File change detected: /Users/steveklabnik/Code/rue/work/.beads/issues.jsonl
[2025-12-24 12:32:21] Import triggered by file change
[2025-12-24 12:32:21] Starting auto-import...
[2025-12-24 12:32:21] JSONL content changed, proceeding with auto-import...
[2025-12-24 12:32:21] ⚠️  WARNING: Uncommitted local changes detected in /Users/steveklabnik/Code/rue/work/.beads/issues.jsonl
[2025-12-24 12:32:21]    Pulling from remote may overwrite local unpushed changes.
[2025-12-24 12:32:21]    Consider running 'bd sync' to commit and push your changes first.
[2025-12-24 12:32:22] Pulled sync branch beads-sync
[2025-12-24 12:32:22] File change detected: /Users/steveklabnik/Code/rue/work/.beads/issues.jsonl
[2025-12-24 12:32:22] Synced JSONL from sync branch to main repo
[2025-12-24 12:32:22] Imported from JSONL
[2025-12-24 12:32:22] Auto-import complete
[2025-12-24 12:32:23] Import triggered by file change
[2025-12-24 12:32:23] Starting auto-import...
[2025-12-24 12:32:23] JSONL content changed, proceeding with auto-import...
[2025-12-24 12:32:23] ⚠️  WARNING: Uncommitted local changes detected in /Users/steveklabnik/Code/rue/work/.beads/issues.jsonl
[2025-12-24 12:32:23]    Pulling from remote may overwrite local unpushed changes.
[2025-12-24 12:32:23]    Consider running 'bd sync' to commit and push your changes first.
[2025-12-24 12:32:24] Pulled sync branch beads-sync
[2025-12-24 12:32:24] File change detected: /Users/steveklabnik/Code/rue/work/.beads/issues.jsonl
[2025-12-24 12:32:24] Synced JSONL from sync branch to main repo
[2025-12-24 12:32:24] Imported from JSONL
[2025-12-24 12:32:24] Auto-import complete
[2025-12-24 12:32:25] Import triggered by file change
[2025-12-24 12:32:25] Starting auto-import...
[2025-12-24 12:32:25] JSONL content changed, proceeding with auto-import...
[2025-12-24 12:32:25] ⚠️  WARNING: Uncommitted local changes detected in /Users/steveklabnik/Code/rue/work/.beads/issues.jsonl
[2025-12-24 12:32:25]    Pulling from remote may overwrite local unpushed changes.
[2025-12-24 12:32:25]    Consider running 'bd sync' to commit and push your changes first.
[2025-12-24 12:32:26] JSONL removed/renamed, re-establishing watch
[2025-12-24 12:32:26] Successfully re-established JSONL watch after 50ms
[2025-12-24 12:32:26] JSONL file created: /Users/steveklabnik/Code/rue/work/.beads/issues.jsonl
[2025-12-24 12:32:26] Pulled sync branch beads-sync
[2025-12-24 12:32:26] File change detected: /Users/steveklabnik/Code/rue/work/.beads/issues.jsonl
[2025-12-24 12:32:26] Synced JSONL from sync branch to main repo
[2025-12-24 12:32:26] Imported from JSONL
[2025-12-24 12:32:26] Auto-import complete
[2025-12-24 12:32:27] Import triggered by file change
[2025-12-24 12:32:27] Starting auto-import...
[2025-12-24 12:32:27] JSONL content changed, proceeding with auto-import...
[2025-12-24 12:32:27] ⚠️  WARNING: Uncommitted local changes detected in /Users/steveklabnik/Code/rue/work/.beads/issues.jsonl
[2025-12-24 12:32:27]    Pulling from remote may overwrite local unpushed changes.
[2025-12-24 12:32:27]    Consider running 'bd sync' to commit and push your changes first.
[2025-12-24 12:32:27] Import triggered by file change
[2025-12-24 12:32:27] Starting auto-import...
[2025-12-24 12:32:27] JSONL content changed, proceeding with auto-import...
[2025-12-24 12:32:27] ⚠️  WARNING: Uncommitted local changes detected in /Users/steveklabnik/Code/rue/work/.beads/issues.jsonl
[2025-12-24 12:32:27]    Pulling from remote may overwrite local unpushed changes.
[2025-12-24 12:32:27]    Consider running 'bd sync' to commit and push your changes first.
[2025-12-24 12:32:28] Sync branch pull failed: git pull failed in worktree: exit status 1
fatal: Unable to read current working directory: No such file or directory
error: github.com:steveklabnik/rue did not send all necessary objects
fatal: Unable to read current working directory: No such file or directory

[2025-12-24 12:32:29] Pulled sync branch beads-sync
[2025-12-24 12:32:29] File change detected: /Users/steveklabnik/Code/rue/work/.beads/issues.jsonl
[2025-12-24 12:32:29] Synced JSONL from sync branch to main repo
[2025-12-24 12:32:29] Imported from JSONL
[2025-12-24 12:32:29] Auto-import complete
[2025-12-24 12:32:30] Import triggered by file change
[2025-12-24 12:32:30] Starting auto-import...
[2025-12-24 12:32:30] JSONL content changed, proceeding with auto-import...
[2025-12-24 12:32:30] ⚠️  WARNING: Uncommitted local changes detected in /Users/steveklabnik/Code/rue/work/.beads/issues.jsonl
[2025-12-24 12:32:30]    Pulling from remote may overwrite local unpushed changes.
[2025-12-24 12:32:30]    Consider running 'bd sync' to commit and push your changes first.
[2025-12-24 12:32:31] Pulled sync branch beads-sync
[2025-12-24 12:32:31] File change detected: /Users/steveklabnik/Code/rue/work/.beads/issues.jsonl
[2025-12-24 12:32:31] Synced JSONL from sync branch to main repo
[2025-12-24 12:32:31] Imported from JSONL
[2025-12-24 12:32:31] Auto-import complete
[2025-12-24 12:32:32] Import triggered by file change
[2025-12-24 12:32:32] Starting auto-import...
[2025-12-24 12:32:32] JSONL content changed, proceeding with auto-import...
[2025-12-24 12:32:32] ⚠️  WARNING: Uncommitted local changes detected in /Users/steveklabnik/Code/rue/work/.beads/issues.jsonl
[2025-12-24 12:32:32]    Pulling from remote may overwrite local unpushed changes.
[2025-12-24 12:32:32]    Consider running 'bd sync' to commit and push your changes first.
[2025-12-24 12:32:33] Pulled sync branch beads-sync
[2025-12-24 12:32:33] File change detected: /Users/steveklabnik/Code/rue/work/.beads/issues.jsonl
[2025-12-24 12:32:33] Synced JSONL from sync branch to main repo
[2025-12-24 12:32:33] Imported from JSONL
[2025-12-24 12:32:33] Auto-import complete
[2025-12-24 12:32:34] Import triggered by file change
[2025-12-24 12:32:34] Starting auto-import...
[2025-12-24 12:32:34] Skipping auto-import: JSONL content unchanged
[2025-12-24 12:32:40] JSONL removed/renamed, re-establishing watch
[2025-12-24 12:32:41] Successfully re-established JSONL watch after 50ms
[2025-12-24 12:32:41] JSONL file created: /Users/steveklabnik/Code/rue/work/.beads/issues.jsonl
[2025-12-24 12:32:42] Import triggered by file change
[2025-12-24 12:32:42] Starting auto-import...
[2025-12-24 12:32:42] Skipping auto-import: JSONL content unchanged
[2025-12-24 12:32:55] JSONL removed/renamed, re-establishing watch
[2025-12-24 12:32:55] Successfully re-established JSONL watch after 50ms
[2025-12-24 12:32:55] JSONL file created: /Users/steveklabnik/Code/rue/work/.beads/issues.jsonl
[2025-12-24 12:32:56] Import triggered by file change
[2025-12-24 12:32:56] Starting auto-import...
[2025-12-24 12:32:56] Skipping auto-import: JSONL content unchanged
[2025-12-24 12:38:21] Received signal terminated, shutting down...
[2025-12-24 12:38:22] Daemon started (interval: 5s, auto-commit: false, auto-push: false)
[2025-12-24 12:38:22] Using database: /Users/steveklabnik/Code/rue/work/.beads/beads.db
[2025-12-24 12:38:22] Database opened: /Users/steveklabnik/Code/rue/work/.beads/beads.db (freshness checking enabled)
[2025-12-24 12:38:22] Repository fingerprint validated: 437e9369
[2025-12-24 12:38:22] Starting RPC server: /Users/steveklabnik/Code/rue/work/.beads/bd.sock
[2025-12-24 12:38:22] RPC server ready (socket listening)
[2025-12-24 12:38:22] Registered in global registry
[2025-12-24 12:38:22] Starting sync cycle...
[2025-12-24 12:38:22] Exported to JSONL
[2025-12-24 12:38:23] Pulled sync branch beads-sync
[2025-12-24 12:38:23] Synced JSONL from sync branch to main repo
[2025-12-24 12:38:23] Imported from JSONL
[2025-12-24 12:38:23] Sync cycle complete
[2025-12-24 12:38:23] Monitoring parent process (PID 0)
[2025-12-24 12:38:23] Using event-driven mode
[2025-12-24 12:38:23] Auto-pull disabled: use 'git pull' manually to sync remote changes
[2025-12-24 12:39:55] JSONL removed/renamed, re-establishing watch
[2025-12-24 12:39:55] Successfully re-established JSONL watch after 50ms
[2025-12-24 12:39:55] JSONL file created: /Users/steveklabnik/Code/rue/work/.beads/issues.jsonl
[2025-12-24 12:39:56] Git ref change detected: .git/refs/heads/beads-sync.lock
[2025-12-24 12:39:56] Import triggered by file change
[2025-12-24 12:39:56] Starting auto-import...
[2025-12-24 12:39:56] Skipping auto-import: JSONL content unchanged
[2025-12-24 12:39:57] Import triggered by file change
[2025-12-24 12:39:57] Starting auto-import...
[2025-12-24 12:39:57] Skipping auto-import: JSONL content unchanged
[2025-12-24 12:39:58] File change detected: /Users/steveklabnik/Code/rue/work/.beads/issues.jsonl
[2025-12-24 12:39:59] Import triggered by file change
[2025-12-24 12:39:59] Starting auto-import...
[2025-12-24 12:39:59] JSONL content changed, proceeding with auto-import...
[2025-12-24 12:39:59] ⚠️  WARNING: Uncommitted local changes detected in /Users/steveklabnik/Code/rue/work/.beads/issues.jsonl
[2025-12-24 12:39:59]    Pulling from remote may overwrite local unpushed changes.
[2025-12-24 12:39:59]    Consider running 'bd sync' to commit and push your changes first.
[2025-12-24 12:40:00] Pulled sync branch beads-sync
[2025-12-24 12:40:00] File change detected: /Users/steveklabnik/Code/rue/work/.beads/issues.jsonl
[2025-12-24 12:40:00] Synced JSONL from sync branch to main repo
[2025-12-24 12:40:00] Imported from JSONL
[2025-12-24 12:40:00] Auto-import complete
[2025-12-24 12:40:01] Import triggered by file change
[2025-12-24 12:40:01] Starting auto-import...
[2025-12-24 12:40:01] JSONL content changed, proceeding with auto-import...
[2025-12-24 12:40:01] ⚠️  WARNING: Uncommitted local changes detected in /Users/steveklabnik/Code/rue/work/.beads/issues.jsonl
[2025-12-24 12:40:01]    Pulling from remote may overwrite local unpushed changes.
[2025-12-24 12:40:01]    Consider running 'bd sync' to commit and push your changes first.
[2025-12-24 12:40:02] Pulled sync branch beads-sync
[2025-12-24 12:40:02] File change detected: /Users/steveklabnik/Code/rue/work/.beads/issues.jsonl
[2025-12-24 12:40:02] Synced JSONL from sync branch to main repo
[2025-12-24 12:40:02] Imported from JSONL
[2025-12-24 12:40:02] Auto-import complete
[2025-12-24 12:40:03] Import triggered by file change
[2025-12-24 12:40:03] Starting auto-import...
[2025-12-24 12:40:03] JSONL content changed, proceeding with auto-import...
[2025-12-24 12:40:03] ⚠️  WARNING: Uncommitted local changes detected in /Users/steveklabnik/Code/rue/work/.beads/issues.jsonl
[2025-12-24 12:40:03]    Pulling from remote may overwrite local unpushed changes.
[2025-12-24 12:40:03]    Consider running 'bd sync' to commit and push your changes first.
[2025-12-24 12:40:04] Pulled sync branch beads-sync
[2025-12-24 12:40:04] File change detected: /Users/steveklabnik/Code/rue/work/.beads/issues.jsonl
[2025-12-24 12:40:04] Synced JSONL from sync branch to main repo
[2025-12-24 12:40:04] Imported from JSONL
[2025-12-24 12:40:04] Auto-import complete
[2025-12-24 12:40:05] Import triggered by file change
[2025-12-24 12:40:05] Starting auto-import...
[2025-12-24 12:40:05] JSONL content changed, proceeding with auto-import...
[2025-12-24 12:40:05] ⚠️  WARNING: Uncommitted local changes detected in /Users/steveklabnik/Code/rue/work/.beads/issues.jsonl
[2025-12-24 12:40:05]    Pulling from remote may overwrite local unpushed changes.
[2025-12-24 12:40:05]    Consider running 'bd sync' to commit and push your changes first.
[2025-12-24 12:40:06] Pulled sync branch beads-sync
[2025-12-24 12:40:06] File change detected: /Users/steveklabnik/Code/rue/work/.beads/issues.jsonl
[2025-12-24 12:40:06] Synced JSONL from sync branch to main repo
[2025-12-24 12:40:06] Imported from JSONL
[2025-12-24 12:40:06] Auto-import complete
[2025-12-24 12:40:07] Import triggered by file change
[2025-12-24 12:40:07] Starting auto-import...
[2025-12-24 12:40:07] JSONL content changed, proceeding with auto-import...
[2025-12-24 12:40:07] ⚠️  WARNING: Uncommitted local changes detected in /Users/steveklabnik/Code/rue/work/.beads/issues.jsonl
[2025-12-24 12:40:07]    Pulling from remote may overwrite local unpushed changes.
[2025-12-24 12:40:07]    Consider running 'bd sync' to commit and push your changes first.
[2025-12-24 12:40:08] Pulled sync branch beads-sync
[2025-12-24 12:40:08] File change detected: /Users/steveklabnik/Code/rue/work/.beads/issues.jsonl
[2025-12-24 12:40:08] Synced JSONL from sync branch to main repo
[2025-12-24 12:40:08] Imported from JSONL
[2025-12-24 12:40:08] Auto-import complete
[2025-12-24 12:40:09] Import triggered by file change
[2025-12-24 12:40:09] Starting auto-import...
[2025-12-24 12:40:09] JSONL content changed, proceeding with auto-import...
[2025-12-24 12:40:09] ⚠️  WARNING: Uncommitted local changes detected in /Users/steveklabnik/Code/rue/work/.beads/issues.jsonl
[2025-12-24 12:40:09]    Pulling from remote may overwrite local unpushed changes.
[2025-12-24 12:40:09]    Consider running 'bd sync' to commit and push your changes first.
[2025-12-24 12:40:10] Pulled sync branch beads-sync
[2025-12-24 12:40:10] File change detected: /Users/steveklabnik/Code/rue/work/.beads/issues.jsonl
[2025-12-24 12:40:10] Synced JSONL from sync branch to main repo
[2025-12-24 12:40:10] Imported from JSONL
[2025-12-24 12:40:10] Auto-import complete
[2025-12-24 12:40:11] Import triggered by file change
[2025-12-24 12:40:11] Starting auto-import...
[2025-12-24 12:40:11] JSONL content changed, proceeding with auto-import...
[2025-12-24 12:40:11] ⚠️  WARNING: Uncommitted local changes detected in /Users/steveklabnik/Code/rue/work/.beads/issues.jsonl
[2025-12-24 12:40:11]    Pulling from remote may overwrite local unpushed changes.
[2025-12-24 12:40:11]    Consider running 'bd sync' to commit and push your changes first.
[2025-12-24 12:40:12] Pulled sync branch beads-sync
[2025-12-24 12:40:12] File change detected: /Users/steveklabnik/Code/rue/work/.beads/issues.jsonl
[2025-12-24 12:40:12] Synced JSONL from sync branch to main repo
[2025-12-24 12:40:12] Imported from JSONL
[2025-12-24 12:40:12] Auto-import complete
[2025-12-24 12:40:13] Import triggered by file change
[2025-12-24 12:40:13] Starting auto-import...
[2025-12-24 12:40:13] JSONL content changed, proceeding with auto-import...
[2025-12-24 12:40:13] ⚠️  WARNING: Uncommitted local changes detected in /Users/steveklabnik/Code/rue/work/.beads/issues.jsonl
[2025-12-24 12:40:13]    Pulling from remote may overwrite local unpushed changes.
[2025-12-24 12:40:13]    Consider running 'bd sync' to commit and push your changes first.
[2025-12-24 12:40:15] Pulled sync branch beads-sync
[2025-12-24 12:40:15] File change detected: /Users/steveklabnik/Code/rue/work/.beads/issues.jsonl
[2025-12-24 12:40:15] Synced JSONL from sync branch to main repo
[2025-12-24 12:40:15] Imported from JSONL
[2025-12-24 12:40:15] Auto-import complete
[2025-12-24 12:40:16] Import triggered by file change
[2025-12-24 12:40:16] Starting auto-import...
[2025-12-24 12:40:16] JSONL content changed, proceeding with auto-import...
[2025-12-24 12:40:16] ⚠️  WARNING: Uncommitted local changes detected in /Users/steveklabnik/Code/rue/work/.beads/issues.jsonl
[2025-12-24 12:40:16]    Pulling from remote may overwrite local unpushed changes.
[2025-12-24 12:40:16]    Consider running 'bd sync' to commit and push your changes first.
[2025-12-24 12:40:17] Pulled sync branch beads-sync
[2025-12-24 12:40:17] File change detected: /Users/steveklabnik/Code/rue/work/.beads/issues.jsonl
[2025-12-24 12:40:17] Synced JSONL from sync branch to main repo
[2025-12-24 12:40:17] Imported from JSONL
[2025-12-24 12:40:17] Auto-import complete
[2025-12-24 12:40:18] Import triggered by file change
[2025-12-24 12:40:18] Starting auto-import...
[2025-12-24 12:40:18] JSONL content changed, proceeding with auto-import...
[2025-12-24 12:40:18] ⚠️  WARNING: Uncommitted local changes detected in /Users/steveklabnik/Code/rue/work/.beads/issues.jsonl
[2025-12-24 12:40:18]    Pulling from remote may overwrite local unpushed changes.
[2025-12-24 12:40:18]    Consider running 'bd sync' to commit and push your changes first.
[2025-12-24 12:40:19] Pulled sync branch beads-sync
[2025-12-24 12:40:19] File change detected: /Users/steveklabnik/Code/rue/work/.beads/issues.jsonl
[2025-12-24 12:40:19] Synced JSONL from sync branch to main repo
[2025-12-24 12:40:19] Imported from JSONL
[2025-12-24 12:40:19] Auto-import complete
[2025-12-24 12:40:20] Import triggered by file change
[2025-12-24 12:40:20] Starting auto-import...
[2025-12-24 12:40:20] Skipping auto-import: JSONL content unchanged
[2025-12-24 12:40:32] JSONL removed/renamed, re-establishing watch
[2025-12-24 12:40:32] Successfully re-established JSONL watch after 50ms
[2025-12-24 12:40:32] JSONL file created: /Users/steveklabnik/Code/rue/work/.beads/issues.jsonl
[2025-12-24 12:40:33] Import triggered by file change
[2025-12-24 12:40:33] Starting auto-import...
[2025-12-24 12:40:33] JSONL content changed, proceeding with auto-import...
[2025-12-24 12:40:33] ⚠️  WARNING: Uncommitted local changes detected in /Users/steveklabnik/Code/rue/work/.beads/issues.jsonl
[2025-12-24 12:40:33]    Pulling from remote may overwrite local unpushed changes.
[2025-12-24 12:40:33]    Consider running 'bd sync' to commit and push your changes first.
[2025-12-24 12:40:34] Pulled sync branch beads-sync
[2025-12-24 12:40:34] File change detected: /Users/steveklabnik/Code/rue/work/.beads/issues.jsonl
[2025-12-24 12:40:34] Synced JSONL from sync branch to main repo
[2025-12-24 12:40:34] Imported from JSONL
[2025-12-24 12:40:34] Auto-import complete
[2025-12-24 12:40:35] Import triggered by file change
[2025-12-24 12:40:35] Starting auto-import...
[2025-12-24 12:40:35] Skipping auto-import: JSONL content unchanged
[2025-12-24 12:41:09] JSONL removed/renamed, re-establishing watch
[2025-12-24 12:41:09] Successfully re-established JSONL watch after 50ms
[2025-12-24 12:41:09] JSONL file created: /Users/steveklabnik/Code/rue/work/.beads/issues.jsonl
[2025-12-24 12:41:10] Import triggered by file change
[2025-12-24 12:41:10] Starting auto-import...
[2025-12-24 12:41:10] JSONL content changed, proceeding with auto-import...
[2025-12-24 12:41:10] ⚠️  WARNING: Uncommitted local changes detected in /Users/steveklabnik/Code/rue/work/.beads/issues.jsonl
[2025-12-24 12:41:10]    Pulling from remote may overwrite local unpushed changes.
[2025-12-24 12:41:10]    Consider running 'bd sync' to commit and push your changes first.
[2025-12-24 12:41:10] JSONL removed/renamed, re-establishing watch
[2025-12-24 12:41:10] Successfully re-established JSONL watch after 50ms
[2025-12-24 12:41:10] JSONL file created: /Users/steveklabnik/Code/rue/work/.beads/issues.jsonl
[2025-12-24 12:41:11] Pulled sync branch beads-sync
[2025-12-24 12:41:11] File change detected: /Users/steveklabnik/Code/rue/work/.beads/issues.jsonl
[2025-12-24 12:41:11] Synced JSONL from sync branch to main repo
[2025-12-24 12:41:11] Imported from JSONL
[2025-12-24 12:41:11] Auto-import complete
[2025-12-24 12:41:11] Import triggered by file change
[2025-12-24 12:41:11] Starting auto-import...
[2025-12-24 12:41:11] JSONL content changed, proceeding with auto-import...
[2025-12-24 12:41:11] ⚠️  WARNING: Uncommitted local changes detected in /Users/steveklabnik/Code/rue/work/.beads/issues.jsonl
[2025-12-24 12:41:11]    Pulling from remote may overwrite local unpushed changes.
[2025-12-24 12:41:11]    Consider running 'bd sync' to commit and push your changes first.
[2025-12-24 12:41:12] Import triggered by file change
[2025-12-24 12:41:12] Starting auto-import...
[2025-12-24 12:41:12] JSONL content changed, proceeding with auto-import...
[2025-12-24 12:41:12] ⚠️  WARNING: Uncommitted local changes detected in /Users/steveklabnik/Code/rue/work/.beads/issues.jsonl
[2025-12-24 12:41:12]    Pulling from remote may overwrite local unpushed changes.
[2025-12-24 12:41:12]    Consider running 'bd sync' to commit and push your changes first.
[2025-12-24 12:41:12] Sync branch pull failed: git pull failed in worktree: exit status 1
fatal: Unable to read current working directory: No such file or directory
error: github.com:steveklabnik/rue did not send all necessary objects
fatal: Unable to read current working directory: No such file or directory

[2025-12-24 12:41:13] Pulled sync branch beads-sync
[2025-12-24 12:41:13] File change detected: /Users/steveklabnik/Code/rue/work/.beads/issues.jsonl
[2025-12-24 12:41:13] Synced JSONL from sync branch to main repo
[2025-12-24 12:41:13] Imported from JSONL
[2025-12-24 12:41:13] Auto-import complete
[2025-12-24 12:41:14] Import triggered by file change
[2025-12-24 12:41:14] Starting auto-import...
[2025-12-24 12:41:14] JSONL content changed, proceeding with auto-import...
[2025-12-24 12:41:14] ⚠️  WARNING: Uncommitted local changes detected in /Users/steveklabnik/Code/rue/work/.beads/issues.jsonl
[2025-12-24 12:41:14]    Pulling from remote may overwrite local unpushed changes.
[2025-12-24 12:41:14]    Consider running 'bd sync' to commit and push your changes first.
[2025-12-24 12:41:15] Pulled sync branch beads-sync
[2025-12-24 12:41:15] File change detected: /Users/steveklabnik/Code/rue/work/.beads/issues.jsonl
[2025-12-24 12:41:15] Synced JSONL from sync branch to main repo
[2025-12-24 12:41:15] Imported from JSONL
[2025-12-24 12:41:15] Auto-import complete
[2025-12-24 12:41:16] Import triggered by file change
[2025-12-24 12:41:16] Starting auto-import...
[2025-12-24 12:41:16] JSONL content changed, proceeding with auto-import...
[2025-12-24 12:41:16] ⚠️  WARNING: Uncommitted local changes detected in /Users/steveklabnik/Code/rue/work/.beads/issues.jsonl
[2025-12-24 12:41:16]    Pulling from remote may overwrite local unpushed changes.
[2025-12-24 12:41:16]    Consider running 'bd sync' to commit and push your changes first.
[2025-12-24 12:41:17] Pulled sync branch beads-sync
[2025-12-24 12:41:17] File change detected: /Users/steveklabnik/Code/rue/work/.beads/issues.jsonl
[2025-12-24 12:41:17] Synced JSONL from sync branch to main repo
[2025-12-24 12:41:17] Imported from JSONL
[2025-12-24 12:41:17] Auto-import complete
[2025-12-24 12:41:18] Import triggered by file change
[2025-12-24 12:41:18] Starting auto-import...
[2025-12-24 12:41:18] JSONL content changed, proceeding with auto-import...
[2025-12-24 12:41:18] ⚠️  WARNING: Uncommitted local changes detected in /Users/steveklabnik/Code/rue/work/.beads/issues.jsonl
[2025-12-24 12:41:18]    Pulling from remote may overwrite local unpushed changes.
[2025-12-24 12:41:18]    Consider running 'bd sync' to commit and push your changes first.
[2025-12-24 12:41:19] Pulled sync branch beads-sync
[2025-12-24 12:41:19] File change detected: /Users/steveklabnik/Code/rue/work/.beads/issues.jsonl
[2025-12-24 12:41:19] Synced JSONL from sync branch to main repo
[2025-12-24 12:41:19] Imported from JSONL
[2025-12-24 12:41:19] Auto-import complete
[2025-12-24 12:41:20] Import triggered by file change
[2025-12-24 12:41:20] Starting auto-import...
[2025-12-24 12:41:20] JSONL content changed, proceeding with auto-import...
[2025-12-24 12:41:20] ⚠️  WARNING: Uncommitted local changes detected in /Users/steveklabnik/Code/rue/work/.beads/issues.jsonl
[2025-12-24 12:41:20]    Pulling from remote may overwrite local unpushed changes.
[2025-12-24 12:41:20]    Consider running 'bd sync' to commit and push your changes first.
[2025-12-24 12:41:21] Context canceled, shutting down
[2025-12-24 12:41:37] Daemon started (interval: 5s, auto-commit: false, auto-push: false)
[2025-12-24 12:41:37] Using database: /Users/steveklabnik/Code/rue/work/.beads/beads.db
[2025-12-24 12:41:37] Database opened: /Users/steveklabnik/Code/rue/work/.beads/beads.db (freshness checking enabled)
[2025-12-24 12:41:37] Repository fingerprint validated: 437e9369
[2025-12-24 12:41:37] Starting RPC server: /Users/steveklabnik/Code/rue/work/.beads/bd.sock
[2025-12-24 12:41:37] RPC server ready (socket listening)
[2025-12-24 12:41:37] Registered in global registry
[2025-12-24 12:41:37] Starting sync cycle...
[2025-12-24 12:41:37] Exported to JSONL
[2025-12-24 12:41:38] Pulled sync branch beads-sync
[2025-12-24 12:41:38] Synced JSONL from sync branch to main repo
[2025-12-24 12:41:38] Imported from JSONL
[2025-12-24 12:41:38] Sync cycle complete
[2025-12-24 12:41:38] Monitoring parent process (PID 0)
[2025-12-24 12:41:38] Using event-driven mode
[2025-12-24 12:41:38] Auto-pull disabled: use 'git pull' manually to sync remote changes
[2025-12-24 12:41:45] Received signal terminated, shutting down...
[2025-12-24 12:41:45] Daemon started (interval: 5s, auto-commit: false, auto-push: false)
[2025-12-24 12:41:45] Using database: /Users/steveklabnik/Code/rue/work/.beads/beads.db
[2025-12-24 12:41:45] Database opened: /Users/steveklabnik/Code/rue/work/.beads/beads.db (freshness checking enabled)
[2025-12-24 12:41:45] Repository fingerprint validated: 437e9369
[2025-12-24 12:41:45] Starting RPC server: /Users/steveklabnik/Code/rue/work/.beads/bd.sock
[2025-12-24 12:41:45] RPC server ready (socket listening)
[2025-12-24 12:41:45] Registered in global registry
[2025-12-24 12:41:45] Starting sync cycle...
[2025-12-24 12:41:45] Pre-export validation failed: refusing to export: JSONL content has changed since last import (import first to avoid data loss)
[2025-12-24 12:41:45] Monitoring parent process (PID 0)
[2025-12-24 12:41:45] Using event-driven mode
[2025-12-24 12:41:45] Auto-pull disabled: use 'git pull' manually to sync remote changes
[2025-12-24 12:42:45] Received signal terminated, shutting down...
[2025-12-24 12:43:05] Daemon started (interval: 5s, auto-commit: false, auto-push: false)
[2025-12-24 12:43:05] Using database: /Users/steveklabnik/Code/rue/work/.beads/beads.db
[2025-12-24 12:43:05] Database opened: /Users/steveklabnik/Code/rue/work/.beads/beads.db (freshness checking enabled)
[2025-12-24 12:43:05] Repository fingerprint validated: 437e9369
[2025-12-24 12:43:05] Starting RPC server: /Users/steveklabnik/Code/rue/work/.beads/bd.sock
[2025-12-24 12:43:05] RPC server ready (socket listening)
[2025-12-24 12:43:05] Registered in global registry
[2025-12-24 12:43:05] Starting sync cycle...
[2025-12-24 12:43:05] Pre-export validation failed: refusing to export: JSONL content has changed since last import (import first to avoid data loss)
[2025-12-24 12:43:05] Monitoring parent process (PID 0)
[2025-12-24 12:43:05] Using event-driven mode
[2025-12-24 12:43:05] Auto-pull disabled: use 'git pull' manually to sync remote changes
[2025-12-24 12:43:15] Context canceled, shutting down
[2025-12-24 12:43:16] Daemon started (interval: 5s, auto-commit: false, auto-push: false)
[2025-12-24 12:43:16] Using database: /Users/steveklabnik/Code/rue/work/.beads/beads.db
[2025-12-24 12:43:16] Database opened: /Users/steveklabnik/Code/rue/work/.beads/beads.db (freshness checking enabled)
[2025-12-24 12:43:16] Repository fingerprint validated: 437e9369
[2025-12-24 12:43:16] Starting RPC server: /Users/steveklabnik/Code/rue/work/.beads/bd.sock
[2025-12-24 12:43:16] RPC server ready (socket listening)
[2025-12-24 12:43:16] Registered in global registry
[2025-12-24 12:43:16] Starting sync cycle...
[2025-12-24 12:43:16] Pre-export validation failed: refusing to export: JSONL content has changed since last import (import first to avoid data loss)
[2025-12-24 12:43:16] Monitoring parent process (PID 0)
[2025-12-24 12:43:16] Using event-driven mode
[2025-12-24 12:43:16] Auto-pull disabled: use 'git pull' manually to sync remote changes
[2025-12-24 12:43:31] JSONL removed/renamed, re-establishing watch
[2025-12-24 12:43:31] Successfully re-established JSONL watch after 50ms
[2025-12-24 12:43:31] JSONL file created: /Users/steveklabnik/Code/rue/work/.beads/issues.jsonl
[2025-12-24 12:43:32] Import triggered by file change
[2025-12-24 12:43:32] Starting auto-import...
[2025-12-24 12:43:32] Skipping auto-import: JSONL content unchanged
[2025-12-24 12:43:37] JSONL removed/renamed, re-establishing watch
[2025-12-24 12:43:37] Successfully re-established JSONL watch after 50ms
[2025-12-24 12:43:37] JSONL file created: /Users/steveklabnik/Code/rue/work/.beads/issues.jsonl
[2025-12-24 12:43:38] Import triggered by file change
[2025-12-24 12:43:38] Starting auto-import...
[2025-12-24 12:43:38] Skipping auto-import: JSONL content unchanged
[2025-12-24 12:43:43] JSONL removed/renamed, re-establishing watch
[2025-12-24 12:43:43] Successfully re-established JSONL watch after 50ms
[2025-12-24 12:43:43] JSONL file created: /Users/steveklabnik/Code/rue/work/.beads/issues.jsonl
[2025-12-24 12:43:44] Import triggered by file change
[2025-12-24 12:43:44] Starting auto-import...
[2025-12-24 12:43:44] Skipping auto-import: JSONL content unchanged
[2025-12-24 12:43:57] Received signal terminated, shutting down...
[2025-12-24 16:46:20] Daemon started (interval: 5s, auto-commit: true, auto-push: false)
[2025-12-24 16:46:20] Using database: /Users/steveklabnik/Code/rue/work/.beads/beads.db
[2025-12-24 16:46:20] Database opened: /Users/steveklabnik/Code/rue/work/.beads/beads.db (freshness checking enabled)
[2025-12-24 16:46:20] Repository fingerprint validated: 437e9369
[2025-12-24 16:46:20] Starting RPC server: /Users/steveklabnik/Code/rue/work/.beads/bd.sock
[2025-12-24 16:46:20] RPC server ready (socket listening)
[2025-12-24 16:46:20] Registered in global registry
[2025-12-24 16:46:20] Starting sync cycle...
[2025-12-24 16:46:20] Exported to JSONL
[2025-12-24 16:46:20] Using sync branch: beads-metadata
[2025-12-24 16:46:20] No changes to commit in sync branch
[2025-12-24 16:46:21] Sync branch pull failed: git pull failed in worktree: exit status 1
fatal: couldn't find remote ref beads-metadata

[2025-12-24 16:46:21] Monitoring parent process (PID 0)
[2025-12-24 16:46:21] Using event-driven mode
[2025-12-24 16:46:21] Auto-pull disabled: use 'git pull' manually to sync remote changes
[2025-12-24 16:48:33] Git HEAD change detected: .git/HEAD
[2025-12-24 16:48:33] JSONL removed/renamed, re-establishing watch
[2025-12-24 16:48:34] JSONL still missing after 50ms, retrying...
[2025-12-24 16:48:34] JSONL still missing after 100ms, retrying...
[2025-12-24 16:48:34] JSONL still missing after 200ms, retrying...
[2025-12-24 16:48:34] JSONL still missing after 400ms, retrying...
[2025-12-24 16:48:34] Failed to re-establish JSONL watch after all retries
[2025-12-24 16:48:34] Import triggered by file change
[2025-12-24 16:48:34] Starting auto-import...
[2025-12-24 16:48:34] Skipping auto-import: JSONL content unchanged
[2025-12-24 16:50:09] Git HEAD change detected: .git/HEAD
[2025-12-24 16:50:10] Import triggered by file change
[2025-12-24 16:50:10] Starting auto-import...
[2025-12-24 16:50:10] Skipping auto-import: JSONL content unchanged
time=2025-12-31T17:14:31.381-06:00 level=INFO msg="Daemon started (interval: %v, auto-commit: %v, auto-push: %v)" !BADKEY=5s !BADKEY=false !BADKEY=false
time=2025-12-31T17:14:31.381-06:00 level=INFO msg="using database" path=/home/stat/github/steveklabnik/rue/jj/.beads/beads.db
time=2025-12-31T17:14:31.382-06:00 level=ERROR msg="cannot open database" error="failed to enable WAL mode: sqlite3: database disk image is malformed: malformed database schema (dependencies) - invalid rootpage"
time=2025-12-31T17:15:16.355-06:00 level=INFO msg="Daemon started (interval: %v, auto-commit: %v, auto-push: %v)" !BADKEY=5s !BADKEY=false !BADKEY=false
time=2025-12-31T17:15:16.355-06:00 level=INFO msg="using database" path=/home/stat/github/steveklabnik/rue/jj/.beads/beads.db
time=2025-12-31T17:15:16.357-06:00 level=ERROR msg="cannot open database" error="failed to enable WAL mode: sqlite3: database disk image is malformed: malformed database schema (dependencies) - invalid rootpage"
time=2025-12-31T17:15:33.106-06:00 level=INFO msg="Daemon started (interval: %v, auto-commit: %v, auto-push: %v)" !BADKEY=5s !BADKEY=false !BADKEY=false
time=2025-12-31T17:15:33.106-06:00 level=INFO msg="using database" path=/home/stat/github/steveklabnik/rue/jj/.beads/beads.db
time=2025-12-31T17:15:33.107-06:00 level=ERROR msg="cannot open database" error="failed to enable WAL mode: sqlite3: database disk image is malformed: malformed database schema (dependencies) - invalid rootpage"
time=2025-12-31T17:16:45.603-06:00 level=INFO msg="Daemon started (interval: %v, auto-commit: %v, auto-push: %v)" !BADKEY=5s !BADKEY=true !BADKEY=false
time=2025-12-31T17:16:45.603-06:00 level=INFO msg="using database" path=/home/stat/github/steveklabnik/rue/jj/.beads/beads.db
time=2025-12-31T17:16:45.612-06:00 level=INFO msg="database opened" path=/home/stat/github/steveklabnik/rue/jj/.beads/beads.db freshness_checking=true
time=2025-12-31T17:16:45.613-06:00 level=INFO msg="Repository fingerprint validated: %s" !BADKEY=437e9369
time=2025-12-31T17:16:45.613-06:00 level=INFO msg="starting RPC server" socket=/home/stat/github/steveklabnik/rue/jj/.beads/bd.sock
time=2025-12-31T17:16:45.613-06:00 level=INFO msg="RPC server ready (socket listening)"
time=2025-12-31T17:16:45.615-06:00 level=INFO msg="registered in global registry"
time=2025-12-31T17:16:45.615-06:00 level=INFO msg="Starting %s..." !BADKEY="sync cycle"
time=2025-12-31T17:16:45.616-06:00 level=INFO msg="Pre-export validation failed: %v" !BADKEY="refusing to export: JSONL content has changed since last import (import first to avoid data loss)"
time=2025-12-31T17:16:45.616-06:00 level=INFO msg="monitoring parent process" pid=0
time=2025-12-31T17:16:45.616-06:00 level=INFO msg="using event-driven mode"
time=2025-12-31T17:16:45.616-06:00 level=INFO msg="Auto-pull enabled: checking remote every %v" !BADKEY=30s
time=2025-12-31T17:17:15.617-06:00 level=INFO msg="Periodic remote sync: checking for updates"
time=2025-12-31T17:17:15.617-06:00 level=INFO msg="Starting %s..." !BADKEY=auto-import
time=2025-12-31T17:17:15.618-06:00 level=INFO msg="JSONL content changed, proceeding with %s..." !BADKEY=auto-import
time=2025-12-31T17:17:15.620-06:00 level=INFO msg="⚠️  WARNING: Uncommitted local changes detected in %s" !BADKEY=/home/stat/github/steveklabnik/rue/jj/.beads/issues.jsonl
time=2025-12-31T17:17:15.620-06:00 level=INFO msg="   Pulling from remote may overwrite local unpushed changes."
time=2025-12-31T17:17:15.620-06:00 level=INFO msg="   Consider running 'bd sync' to commit and push your changes first."
time=2025-12-31T17:17:15.623-06:00 level=INFO msg="Pull failed: %v (backoff: %v)" !BADKEY="failed to get current branch: exit status 128" !BADKEY=30s
time=2025-12-31T17:17:45.618-06:00 level=INFO msg="Periodic remote sync: checking for updates"
time=2025-12-31T17:17:45.618-06:00 level=INFO msg="Skipping %s: in backoff period" !BADKEY=auto-import
time=2025-12-31T17:18:15.617-06:00 level=INFO msg="Periodic remote sync: checking for updates"
time=2025-12-31T17:18:15.617-06:00 level=INFO msg="Starting %s..." !BADKEY=auto-import
time=2025-12-31T17:18:15.618-06:00 level=INFO msg="JSONL content changed, proceeding with %s..." !BADKEY=auto-import
time=2025-12-31T17:18:15.620-06:00 level=INFO msg="⚠️  WARNING: Uncommitted local changes detected in %s" !BADKEY=/home/stat/github/steveklabnik/rue/jj/.beads/issues.jsonl
time=2025-12-31T17:18:15.620-06:00 level=INFO msg="   Pulling from remote may overwrite local unpushed changes."
time=2025-12-31T17:18:15.620-06:00 level=INFO msg="   Consider running 'bd sync' to commit and push your changes first."
time=2025-12-31T17:18:15.623-06:00 level=INFO msg="Pull failed: %v (backoff: %v)" !BADKEY="failed to get current branch: exit status 128" !BADKEY=1m0s
time=2025-12-31T17:18:21.835-06:00 level=INFO msg="Mutation detected: %s %s" status=rue-9odk
time=2025-12-31T17:18:21.838-06:00 level=INFO msg="Mutation detected: %s %s" status=rue-loz
time=2025-12-31T17:18:21.840-06:00 level=INFO msg="Mutation detected: %s %s" status=rue-01x
time=2025-12-31T17:18:21.842-06:00 level=INFO msg="Mutation detected: %s %s" status=rue-2wr
time=2025-12-31T17:18:21.844-06:00 level=INFO msg="Mutation detected: %s %s" status=rue-95h7
time=2025-12-31T17:18:21.846-06:00 level=INFO msg="Mutation detected: %s %s" status=rue-3nf
time=2025-12-31T17:18:21.848-06:00 level=INFO msg="Mutation detected: %s %s" status=rue-436
time=2025-12-31T17:18:21.850-06:00 level=INFO msg="Mutation detected: %s %s" status=rue-kce
time=2025-12-31T17:18:21.852-06:00 level=INFO msg="Mutation detected: %s %s" status=rue-rae6
time=2025-12-31T17:18:21.854-06:00 level=INFO msg="Mutation detected: %s %s" status=rue-8p2
time=2025-12-31T17:18:21.855-06:00 level=INFO msg="Mutation detected: %s %s" status=rue-tic
time=2025-12-31T17:18:21.857-06:00 level=INFO msg="Mutation detected: %s %s" status=rue-kvp
time=2025-12-31T17:18:21.859-06:00 level=INFO msg="Mutation detected: %s %s" status=rue-4v89
time=2025-12-31T17:18:21.861-06:00 level=INFO msg="Mutation detected: %s %s" status=rue-1a6l
time=2025-12-31T17:18:21.863-06:00 level=INFO msg="Mutation detected: %s %s" status=rue-4zb
time=2025-12-31T17:18:21.865-06:00 level=INFO msg="Mutation detected: %s %s" status=rue-988
time=2025-12-31T17:18:21.867-06:00 level=INFO msg="Mutation detected: %s %s" status=rue-0o5
time=2025-12-31T17:18:21.868-06:00 level=INFO msg="Mutation detected: %s %s" status=rue-1q4
time=2025-12-31T17:18:21.870-06:00 level=INFO msg="Mutation detected: %s %s" status=rue-kos
time=2025-12-31T17:18:21.872-06:00 level=INFO msg="Mutation detected: %s %s" status=rue-191x
time=2025-12-31T17:18:21.874-06:00 level=INFO msg="Mutation detected: %s %s" status=rue-63v
time=2025-12-31T17:18:21.876-06:00 level=INFO msg="Mutation detected: %s %s" status=rue-7rc
time=2025-12-31T17:18:21.878-06:00 level=INFO msg="Mutation detected: %s %s" status=rue-po9
time=2025-12-31T17:18:21.880-06:00 level=INFO msg="Mutation detected: %s %s" status=rue-4ap
time=2025-12-31T17:18:21.882-06:00 level=INFO msg="Mutation detected: %s %s" status=rue-9jp
time=2025-12-31T17:18:21.884-06:00 level=INFO msg="Mutation detected: %s %s" status=rue-96q
time=2025-12-31T17:18:21.886-06:00 level=INFO msg="Mutation detected: %s %s" status=rue-11z
time=2025-12-31T17:18:21.888-06:00 level=INFO msg="Mutation detected: %s %s" status=rue-5y7
time=2025-12-31T17:18:22.389-06:00 level=INFO msg="Export triggered by mutation events"
time=2025-12-31T17:18:22.389-06:00 level=INFO msg="Starting %s..." !BADKEY=export
time=2025-12-31T17:18:22.389-06:00 level=INFO msg="Pre-export validation failed: %v" !BADKEY="refusing to export: JSONL content has changed since last import (import first to avoid data loss)"
time=2025-12-31T17:18:45.618-06:00 level=INFO msg="Periodic remote sync: checking for updates"
time=2025-12-31T17:18:45.618-06:00 level=INFO msg="Skipping %s: in backoff period" !BADKEY=auto-import
time=2025-12-31T17:18:57.817-06:00 level=INFO msg="Mutation detected: %s %s" status=rue-9xj
time=2025-12-31T17:18:57.819-06:00 level=INFO msg="Mutation detected: %s %s" status=rue-375
time=2025-12-31T17:18:57.821-06:00 level=INFO msg="Mutation detected: %s %s" status=rue-b2n
time=2025-12-31T17:18:58.322-06:00 level=INFO msg="Export triggered by mutation events"
time=2025-12-31T17:18:58.322-06:00 level=INFO msg="Starting %s..." !BADKEY=export
time=2025-12-31T17:18:58.322-06:00 level=INFO msg="Pre-export validation failed: %v" !BADKEY="refusing to export: JSONL content has changed since last import (import first to avoid data loss)"
time=2026-01-01T13:35:33.684-06:00 level=INFO msg="Daemon started (interval: %v, auto-commit: %v, auto-push: %v)" !BADKEY=5s !BADKEY=false !BADKEY=false
time=2026-01-01T13:35:33.685-06:00 level=INFO msg="using database" path=/home/stat/github/steveklabnik/rue/jj/.beads/beads.db
time=2026-01-01T13:35:33.697-06:00 level=INFO msg="database opened" path=/home/stat/github/steveklabnik/rue/jj/.beads/beads.db freshness_checking=true
time=2026-01-01T13:35:33.697-06:00 level=INFO msg="upgrading .beads/.gitignore"
time=2026-01-01T13:35:33.697-06:00 level=WARN msg="failed to upgrade .gitignore" error="open .beads/.gitignore: no such file or directory"
time=2026-01-01T13:35:33.698-06:00 level=INFO msg="Repository fingerprint validated: %s" !BADKEY=437e9369
time=2026-01-01T13:35:33.698-06:00 level=INFO msg="starting RPC server" socket=/home/stat/github/steveklabnik/rue/jj/.beads/bd.sock
time=2026-01-01T13:35:33.698-06:00 level=INFO msg="RPC server ready (socket listening)"
time=2026-01-01T13:35:33.701-06:00 level=INFO msg="registered in global registry"
time=2026-01-01T13:35:33.701-06:00 level=INFO msg="Starting %s..." !BADKEY="sync cycle"
time=2026-01-01T13:35:33.735-06:00 level=INFO msg="Exported to JSONL"
time=2026-01-01T13:35:33.749-06:00 level=INFO msg="Pull failed: %v" !BADKEY="failed to get current branch: exit status 128"
time=2026-01-01T13:35:33.749-06:00 level=INFO msg="monitoring parent process" pid=0
time=2026-01-01T13:35:33.749-06:00 level=INFO msg="using event-driven mode"
time=2026-01-01T13:35:33.749-06:00 level=INFO msg="Auto-pull disabled: use 'git pull' manually to sync remote changes"
time=2026-01-01T13:35:33.800-06:00 level=INFO msg="Mutation detected: %s %s" status=rue-ya9i
time=2026-01-01T13:35:34.301-06:00 level=INFO msg="Export triggered by mutation events"
time=2026-01-01T13:35:34.301-06:00 level=INFO msg="Starting %s..." !BADKEY=export
time=2026-01-01T13:35:34.329-06:00 level=INFO msg="JSONL file created: %s" !BADKEY=/home/stat/github/steveklabnik/rue/jj/.beads/issues.jsonl
time=2026-01-01T13:35:34.329-06:00 level=INFO msg="Exported to JSONL"
time=2026-01-01T13:35:34.330-06:00 level=INFO msg="Export complete"
time=2026-01-01T13:35:35.330-06:00 level=INFO msg="Import triggered by file change"
time=2026-01-01T13:35:35.330-06:00 level=INFO msg="Starting %s..." !BADKEY=auto-import
time=2026-01-01T13:35:35.331-06:00 level=INFO msg="Skipping %s: JSONL content unchanged" !BADKEY=auto-import
time=2026-01-01T13:44:55.900-06:00 level=INFO msg="Mutation detected: %s %s" status=rue-emow
time=2026-01-01T13:44:56.400-06:00 level=INFO msg="Export triggered by mutation events"
time=2026-01-01T13:44:56.401-06:00 level=INFO msg="Starting %s..." !BADKEY=export
time=2026-01-01T13:44:56.431-06:00 level=INFO msg="JSONL file created: %s" !BADKEY=/home/stat/github/steveklabnik/rue/jj/.beads/issues.jsonl
time=2026-01-01T13:44:56.431-06:00 level=INFO msg="Exported to JSONL"
time=2026-01-01T13:44:56.432-06:00 level=INFO msg="Export complete"
time=2026-01-01T13:44:57.433-06:00 level=INFO msg="Import triggered by file change"
time=2026-01-01T13:44:57.433-06:00 level=INFO msg="Starting %s..." !BADKEY=auto-import
time=2026-01-01T13:44:57.433-06:00 level=INFO msg="Skipping %s: JSONL content unchanged" !BADKEY=auto-import
time=2026-01-01T14:00:35.019-06:00 level=INFO msg="Mutation detected: %s %s" status=rue-j2ms
time=2026-01-01T14:00:35.519-06:00 level=INFO msg="Export triggered by mutation events"
time=2026-01-01T14:00:35.519-06:00 level=INFO msg="Starting %s..." !BADKEY=export
time=2026-01-01T14:00:35.553-06:00 level=INFO msg="JSONL file created: %s" !BADKEY=/home/stat/github/steveklabnik/rue/jj/.beads/issues.jsonl
time=2026-01-01T14:00:35.553-06:00 level=INFO msg="Exported to JSONL"
time=2026-01-01T14:00:35.554-06:00 level=INFO msg="Export complete"
time=2026-01-01T14:00:36.554-06:00 level=INFO msg="Import triggered by file change"
time=2026-01-01T14:00:36.554-06:00 level=INFO msg="Starting %s..." !BADKEY=auto-import
time=2026-01-01T14:00:36.555-06:00 level=INFO msg="Skipping %s: JSONL content unchanged" !BADKEY=auto-import
time=2026-01-01T14:00:53.102-06:00 level=INFO msg="Mutation detected: %s %s" status=rue-fbwv
time=2026-01-01T14:00:53.603-06:00 level=INFO msg="Export triggered by mutation events"
time=2026-01-01T14:00:53.603-06:00 level=INFO msg="Starting %s..." !BADKEY=export
time=2026-01-01T14:00:53.632-06:00 level=INFO msg="Exported to JSONL"
time=2026-01-01T14:00:53.632-06:00 level=INFO msg="JSONL file created: %s" !BADKEY=/home/stat/github/steveklabnik/rue/jj/.beads/issues.jsonl
time=2026-01-01T14:00:53.632-06:00 level=INFO msg="File change detected: %s" !BADKEY=/home/stat/github/steveklabnik/rue/jj/.beads/issues.jsonl
time=2026-01-01T14:00:53.633-06:00 level=INFO msg="Export complete"
time=2026-01-01T14:00:54.634-06:00 level=INFO msg="Import triggered by file change"
time=2026-01-01T14:00:54.634-06:00 level=INFO msg="Starting %s..." !BADKEY=auto-import
time=2026-01-01T14:00:54.635-06:00 level=INFO msg="Skipping %s: JSONL content unchanged" !BADKEY=auto-import
time=2026-01-01T14:07:30.221-06:00 level=INFO msg="Mutation detected: %s %s" status=rue-j2ms
time=2026-01-01T14:07:30.722-06:00 level=INFO msg="Export triggered by mutation events"
time=2026-01-01T14:07:30.722-06:00 level=INFO msg="Starting %s..." !BADKEY=export
time=2026-01-01T14:07:30.754-06:00 level=INFO msg="JSONL file created: %s" !BADKEY=/home/stat/github/steveklabnik/rue/jj/.beads/issues.jsonl
time=2026-01-01T14:07:30.754-06:00 level=INFO msg="Exported to JSONL"
time=2026-01-01T14:07:30.755-06:00 level=INFO msg="Export complete"
time=2026-01-01T14:07:31.755-06:00 level=INFO msg="Import triggered by file change"
time=2026-01-01T14:07:31.757-06:00 level=INFO msg="Starting %s..." !BADKEY=auto-import
time=2026-01-01T14:07:31.758-06:00 level=INFO msg="Skipping %s: JSONL content unchanged" !BADKEY=auto-import
time=2026-01-01T14:13:23.801-06:00 level=INFO msg="Git ref change detected: %s" !BADKEY=/home/stat/github/steveklabnik/rue/jj/.git/refs/heads/trunk.lock
time=2026-01-01T14:13:24.805-06:00 level=INFO msg="Import triggered by file change"
time=2026-01-01T14:13:24.809-06:00 level=INFO msg="Starting %s..." !BADKEY=auto-import
time=2026-01-01T14:13:24.809-06:00 level=INFO msg="Skipping %s: JSONL content unchanged" !BADKEY=auto-import
time=2026-01-01T14:26:13.122-06:00 level=INFO msg="Mutation detected: %s %s" update=rue-fbwv
time=2026-01-01T14:26:13.623-06:00 level=INFO msg="Export triggered by mutation events"
time=2026-01-01T14:26:13.623-06:00 level=INFO msg="Starting %s..." !BADKEY=export
time=2026-01-01T14:26:13.653-06:00 level=INFO msg="JSONL file created: %s" !BADKEY=/home/stat/github/steveklabnik/rue/jj/.beads/issues.jsonl
time=2026-01-01T14:26:13.653-06:00 level=INFO msg="Exported to JSONL"
time=2026-01-01T14:26:13.654-06:00 level=INFO msg="Export complete"
time=2026-01-01T14:26:14.654-06:00 level=INFO msg="Import triggered by file change"
time=2026-01-01T14:26:14.654-06:00 level=INFO msg="Starting %s..." !BADKEY=auto-import
time=2026-01-01T14:26:14.655-06:00 level=INFO msg="Skipping %s: JSONL content unchanged" !BADKEY=auto-import
time=2026-01-01T14:33:26.088-06:00 level=INFO msg="Mutation detected: %s %s" status=rue-r37o
time=2026-01-01T14:33:26.589-06:00 level=INFO msg="Export triggered by mutation events"
time=2026-01-01T14:33:26.589-06:00 level=INFO msg="Starting %s..." !BADKEY=export
time=2026-01-01T14:33:26.620-06:00 level=INFO msg="JSONL file created: %s" !BADKEY=/home/stat/github/steveklabnik/rue/jj/.beads/issues.jsonl
time=2026-01-01T14:33:26.620-06:00 level=INFO msg="Exported to JSONL"
time=2026-01-01T14:33:26.621-06:00 level=INFO msg="Export complete"
time=2026-01-01T14:33:27.621-06:00 level=INFO msg="Import triggered by file change"
time=2026-01-01T14:33:27.621-06:00 level=INFO msg="Starting %s..." !BADKEY=auto-import
time=2026-01-01T14:33:27.622-06:00 level=INFO msg="Skipping %s: JSONL content unchanged" !BADKEY=auto-import
time=2026-01-01T14:34:41.123-06:00 level=INFO msg="Mutation detected: %s %s" status=rue-r37o
time=2026-01-01T14:34:41.624-06:00 level=INFO msg="Export triggered by mutation events"
time=2026-01-01T14:34:41.624-06:00 level=INFO msg="Starting %s..." !BADKEY=export
time=2026-01-01T14:34:41.653-06:00 level=INFO msg="JSONL file created: %s" !BADKEY=/home/stat/github/steveklabnik/rue/jj/.beads/issues.jsonl
time=2026-01-01T14:34:41.653-06:00 level=INFO msg="Exported to JSONL"
time=2026-01-01T14:34:41.653-06:00 level=INFO msg="Export complete"
time=2026-01-01T14:34:42.654-06:00 level=INFO msg="Import triggered by file change"
time=2026-01-01T14:34:42.654-06:00 level=INFO msg="Starting %s..." !BADKEY=auto-import
time=2026-01-01T14:34:42.654-06:00 level=INFO msg="Skipping %s: JSONL content unchanged" !BADKEY=auto-import
time=2026-01-01T14:39:03.004-06:00 level=INFO msg="Mutation detected: %s %s" status=rue-u0li
time=2026-01-01T14:39:03.505-06:00 level=INFO msg="Export triggered by mutation events"
time=2026-01-01T14:39:03.505-06:00 level=INFO msg="Starting %s..." !BADKEY=export
time=2026-01-01T14:39:03.544-06:00 level=INFO msg="JSONL file created: %s" !BADKEY=/home/stat/github/steveklabnik/rue/jj/.beads/issues.jsonl
time=2026-01-01T14:39:03.544-06:00 level=INFO msg="Exported to JSONL"
time=2026-01-01T14:39:03.545-06:00 level=INFO msg="Export complete"
time=2026-01-01T14:39:04.545-06:00 level=INFO msg="Import triggered by file change"
time=2026-01-01T14:39:04.545-06:00 level=INFO msg="Starting %s..." !BADKEY=auto-import
time=2026-01-01T14:39:04.546-06:00 level=INFO msg="Skipping %s: JSONL content unchanged" !BADKEY=auto-import
time=2026-01-01T14:53:46.049-06:00 level=INFO msg="Mutation detected: %s %s" status=rue-ej3x
time=2026-01-01T14:53:46.552-06:00 level=INFO msg="Export triggered by mutation events"
time=2026-01-01T14:53:46.552-06:00 level=INFO msg="Starting %s..." !BADKEY=export
time=2026-01-01T14:53:46.582-06:00 level=INFO msg="JSONL file created: %s" !BADKEY=/home/stat/github/steveklabnik/rue/jj/.beads/issues.jsonl
time=2026-01-01T14:53:46.582-06:00 level=INFO msg="Exported to JSONL"
time=2026-01-01T14:53:46.583-06:00 level=INFO msg="Export complete"
time=2026-01-01T14:53:47.583-06:00 level=INFO msg="Import triggered by file change"
time=2026-01-01T14:53:47.586-06:00 level=INFO msg="Starting %s..." !BADKEY=auto-import
time=2026-01-01T14:53:47.586-06:00 level=INFO msg="Skipping %s: JSONL content unchanged" !BADKEY=auto-import
time=2026-01-01T15:06:56.511-06:00 level=INFO msg="Git ref change detected: %s" !BADKEY=/home/stat/github/steveklabnik/rue/jj/.git/refs/heads/trunk.lock
time=2026-01-01T15:06:57.512-06:00 level=INFO msg="Import triggered by file change"
time=2026-01-01T15:06:57.512-06:00 level=INFO msg="Starting %s..." !BADKEY=auto-import
time=2026-01-01T15:06:57.514-06:00 level=INFO msg="Skipping %s: JSONL content unchanged" !BADKEY=auto-import
time=2026-01-01T15:12:46.856-06:00 level=INFO msg="Mutation detected: %s %s" status=rue-wsny
time=2026-01-01T15:12:47.357-06:00 level=INFO msg="Export triggered by mutation events"
time=2026-01-01T15:12:47.357-06:00 level=INFO msg="Starting %s..." !BADKEY=export
time=2026-01-01T15:12:47.386-06:00 level=INFO msg="JSONL file created: %s" !BADKEY=/home/stat/github/steveklabnik/rue/jj/.beads/issues.jsonl
time=2026-01-01T15:12:47.386-06:00 level=INFO msg="Exported to JSONL"
time=2026-01-01T15:12:47.387-06:00 level=INFO msg="Export complete"
time=2026-01-01T15:12:48.387-06:00 level=INFO msg="Import triggered by file change"
time=2026-01-01T15:12:48.388-06:00 level=INFO msg="Starting %s..." !BADKEY=auto-import
time=2026-01-01T15:12:48.388-06:00 level=INFO msg="Skipping %s: JSONL content unchanged" !BADKEY=auto-import
time=2026-01-01T17:07:21.099-06:00 level=INFO msg="Mutation detected: %s %s" status=rue-u0li
time=2026-01-01T17:07:21.599-06:00 level=INFO msg="Export triggered by mutation events"
time=2026-01-01T17:07:21.599-06:00 level=INFO msg="Starting %s..." !BADKEY=export
time=2026-01-01T17:07:21.639-06:00 level=INFO msg="JSONL file created: %s" !BADKEY=/home/stat/github/steveklabnik/rue/jj/.beads/issues.jsonl
time=2026-01-01T17:07:21.639-06:00 level=INFO msg="File change detected: %s" !BADKEY=/home/stat/github/steveklabnik/rue/jj/.beads/issues.jsonl
time=2026-01-01T17:07:21.639-06:00 level=INFO msg="Exported to JSONL"
time=2026-01-01T17:07:21.641-06:00 level=INFO msg="Export complete"
time=2026-01-01T17:07:22.640-06:00 level=INFO msg="Import triggered by file change"
time=2026-01-01T17:07:22.641-06:00 level=INFO msg="Starting %s..." !BADKEY=auto-import
time=2026-01-01T17:07:22.641-06:00 level=INFO msg="Skipping %s: JSONL content unchanged" !BADKEY=auto-import
time=2026-01-01T17:13:45.491-06:00 level=INFO msg="Mutation detected: %s %s" status=rue-5r4d
time=2026-01-01T17:13:45.991-06:00 level=INFO msg="Export triggered by mutation events"
time=2026-01-01T17:13:45.991-06:00 level=INFO msg="Starting %s..." !BADKEY=export
time=2026-01-01T17:13:46.024-06:00 level=INFO msg="JSONL file created: %s" !BADKEY=/home/stat/github/steveklabnik/rue/jj/.beads/issues.jsonl
time=2026-01-01T17:13:46.024-06:00 level=INFO msg="Exported to JSONL"
time=2026-01-01T17:13:46.024-06:00 level=INFO msg="Export complete"
time=2026-01-01T17:13:47.024-06:00 level=INFO msg="Import triggered by file change"
time=2026-01-01T17:13:47.024-06:00 level=INFO msg="Starting %s..." !BADKEY=auto-import
time=2026-01-01T17:13:47.025-06:00 level=INFO msg="Skipping %s: JSONL content unchanged" !BADKEY=auto-import
time=2026-01-01T17:16:48.276-06:00 level=INFO msg="Mutation detected: %s %s" status=rue-u0li
time=2026-01-01T17:16:48.277-06:00 level=INFO msg="Mutation detected: %s %s" comment=rue-u0li
time=2026-01-01T17:16:48.778-06:00 level=INFO msg="Export triggered by mutation events"
time=2026-01-01T17:16:48.778-06:00 level=INFO msg="Starting %s..." !BADKEY=export
time=2026-01-01T17:16:48.811-06:00 level=INFO msg="JSONL file created: %s" !BADKEY=/home/stat/github/steveklabnik/rue/jj/.beads/issues.jsonl
time=2026-01-01T17:16:48.812-06:00 level=INFO msg="Exported to JSONL"
time=2026-01-01T17:16:48.812-06:00 level=INFO msg="Export complete"
time=2026-01-01T17:16:49.813-06:00 level=INFO msg="Import triggered by file change"
time=2026-01-01T17:16:49.813-06:00 level=INFO msg="Starting %s..." !BADKEY=auto-import
time=2026-01-01T17:16:49.814-06:00 level=INFO msg="Skipping %s: JSONL content unchanged" !BADKEY=auto-import
time=2026-01-01T17:16:53.163-06:00 level=INFO msg="Mutation detected: %s %s" status=rue-5r4d
time=2026-01-01T17:16:53.663-06:00 level=INFO msg="Export triggered by mutation events"
time=2026-01-01T17:16:53.663-06:00 level=INFO msg="Starting %s..." !BADKEY=export
time=2026-01-01T17:16:53.695-06:00 level=INFO msg="JSONL file created: %s" !BADKEY=/home/stat/github/steveklabnik/rue/jj/.beads/issues.jsonl
time=2026-01-01T17:16:53.695-06:00 level=INFO msg="Exported to JSONL"
time=2026-01-01T17:16:53.695-06:00 level=INFO msg="File change detected: %s" !BADKEY=/home/stat/github/steveklabnik/rue/jj/.beads/issues.jsonl
time=2026-01-01T17:16:53.696-06:00 level=INFO msg="Export complete"
time=2026-01-01T17:16:54.696-06:00 level=INFO msg="Import triggered by file change"
time=2026-01-01T17:16:54.696-06:00 level=INFO msg="Starting %s..." !BADKEY=auto-import
time=2026-01-01T17:16:54.696-06:00 level=INFO msg="Skipping %s: JSONL content unchanged" !BADKEY=auto-import
time=2026-01-01T17:17:17.734-06:00 level=INFO msg="Mutation detected: %s %s" status=rue-u0li
time=2026-01-01T17:17:18.234-06:00 level=INFO msg="Export triggered by mutation events"
time=2026-01-01T17:17:18.234-06:00 level=INFO msg="Starting %s..." !BADKEY=export
time=2026-01-01T17:17:18.263-06:00 level=INFO msg="JSONL file created: %s" !BADKEY=/home/stat/github/steveklabnik/rue/jj/.beads/issues.jsonl
time=2026-01-01T17:17:18.263-06:00 level=INFO msg="Exported to JSONL"
time=2026-01-01T17:17:18.264-06:00 level=INFO msg="Export complete"
time=2026-01-01T17:17:19.264-06:00 level=INFO msg="Import triggered by file change"
time=2026-01-01T17:17:19.264-06:00 level=INFO msg="Starting %s..." !BADKEY=auto-import
time=2026-01-01T17:17:19.265-06:00 level=INFO msg="Skipping %s: JSONL content unchanged" !BADKEY=auto-import
time=2026-01-01T17:24:07.820-06:00 level=INFO msg="Mutation detected: %s %s" status=rue-fbwv
time=2026-01-01T17:24:08.321-06:00 level=INFO msg="Export triggered by mutation events"
time=2026-01-01T17:24:08.321-06:00 level=INFO msg="Starting %s..." !BADKEY=export
time=2026-01-01T17:24:08.351-06:00 level=INFO msg="JSONL file created: %s" !BADKEY=/home/stat/github/steveklabnik/rue/jj/.beads/issues.jsonl
time=2026-01-01T17:24:08.351-06:00 level=INFO msg="Exported to JSONL"
time=2026-01-01T17:24:08.352-06:00 level=INFO msg="Export complete"
time=2026-01-01T17:24:09.353-06:00 level=INFO msg="Import triggered by file change"
time=2026-01-01T17:24:09.353-06:00 level=INFO msg="Starting %s..." !BADKEY=auto-import
time=2026-01-01T17:24:09.354-06:00 level=INFO msg="Skipping %s: JSONL content unchanged" !BADKEY=auto-import
time=2026-01-01T17:31:13.606-06:00 level=INFO msg="Mutation detected: %s %s" status=rue-ak9z
time=2026-01-01T17:31:14.107-06:00 level=INFO msg="Export triggered by mutation events"
time=2026-01-01T17:31:14.107-06:00 level=INFO msg="Starting %s..." !BADKEY=export
time=2026-01-01T17:31:14.143-06:00 level=INFO msg="JSONL file created: %s" !BADKEY=/home/stat/github/steveklabnik/rue/jj/.beads/issues.jsonl
time=2026-01-01T17:31:14.143-06:00 level=INFO msg="Exported to JSONL"
time=2026-01-01T17:31:14.144-06:00 level=INFO msg="Export complete"
time=2026-01-01T17:31:15.143-06:00 level=INFO msg="Import triggered by file change"
time=2026-01-01T17:31:15.144-06:00 level=INFO msg="Starting %s..." !BADKEY=auto-import
time=2026-01-01T17:31:15.144-06:00 level=INFO msg="Skipping %s: JSONL content unchanged" !BADKEY=auto-import
time=2026-01-01T17:51:01.151-06:00 level=INFO msg="Mutation detected: %s %s" status=rue-wsny
time=2026-01-01T17:51:01.652-06:00 level=INFO msg="Export triggered by mutation events"
time=2026-01-01T17:51:01.652-06:00 level=INFO msg="Starting %s..." !BADKEY=export
time=2026-01-01T17:51:01.683-06:00 level=INFO msg="JSONL file created: %s" !BADKEY=/home/stat/github/steveklabnik/rue/jj/.beads/issues.jsonl
time=2026-01-01T17:51:01.683-06:00 level=INFO msg="Exported to JSONL"
time=2026-01-01T17:51:01.684-06:00 level=INFO msg="Export complete"
time=2026-01-01T17:51:02.684-06:00 level=INFO msg="Import triggered by file change"
time=2026-01-01T17:51:02.684-06:00 level=INFO msg="Starting %s..." !BADKEY=auto-import
time=2026-01-01T17:51:02.685-06:00 level=INFO msg="Skipping %s: JSONL content unchanged" !BADKEY=auto-import
time=2026-01-01T17:52:41.020-06:00 level=INFO msg="Mutation detected: %s %s" status=rue-wsny
time=2026-01-01T17:52:41.021-06:00 level=INFO msg="Mutation detected: %s %s" comment=rue-wsny
time=2026-01-01T17:52:41.522-06:00 level=INFO msg="Export triggered by mutation events"
time=2026-01-01T17:52:41.522-06:00 level=INFO msg="Starting %s..." !BADKEY=export
time=2026-01-01T17:52:41.551-06:00 level=INFO msg="JSONL file created: %s" !BADKEY=/home/stat/github/steveklabnik/rue/jj/.beads/issues.jsonl
time=2026-01-01T17:52:41.551-06:00 level=INFO msg="Exported to JSONL"
time=2026-01-01T17:52:41.552-06:00 level=INFO msg="Export complete"
time=2026-01-01T17:52:42.553-06:00 level=INFO msg="Import triggered by file change"
time=2026-01-01T17:52:42.553-06:00 level=INFO msg="Starting %s..." !BADKEY=auto-import
time=2026-01-01T17:52:42.553-06:00 level=INFO msg="Skipping %s: JSONL content unchanged" !BADKEY=auto-import
time=2026-01-01T17:54:53.359-06:00 level=INFO msg="Mutation detected: %s %s" status=rue-ak9z
time=2026-01-01T17:54:53.859-06:00 level=INFO msg="Export triggered by mutation events"
time=2026-01-01T17:54:53.859-06:00 level=INFO msg="Starting %s..." !BADKEY=export
time=2026-01-01T17:54:53.890-06:00 level=INFO msg="JSONL file created: %s" !BADKEY=/home/stat/github/steveklabnik/rue/jj/.beads/issues.jsonl
time=2026-01-01T17:54:53.890-06:00 level=INFO msg="Exported to JSONL"
time=2026-01-01T17:54:53.891-06:00 level=INFO msg="Export complete"
time=2026-01-01T17:54:54.891-06:00 level=INFO msg="Import triggered by file change"
time=2026-01-01T17:54:54.891-06:00 level=INFO msg="Starting %s..." !BADKEY=auto-import
time=2026-01-01T17:54:54.892-06:00 level=INFO msg="Skipping %s: JSONL content unchanged" !BADKEY=auto-import
time=2026-01-01T17:54:56.268-06:00 level=INFO msg="Mutation detected: %s %s" update=rue-u0li
time=2026-01-01T17:54:56.769-06:00 level=INFO msg="Export triggered by mutation events"
time=2026-01-01T17:54:56.769-06:00 level=INFO msg="Starting %s..." !BADKEY=export
time=2026-01-01T17:54:56.798-06:00 level=INFO msg="JSONL file created: %s" !BADKEY=/home/stat/github/steveklabnik/rue/jj/.beads/issues.jsonl
time=2026-01-01T17:54:56.798-06:00 level=INFO msg="Exported to JSONL"
time=2026-01-01T17:54:56.799-06:00 level=INFO msg="Export complete"
time=2026-01-01T17:54:57.799-06:00 level=INFO msg="Import triggered by file change"
time=2026-01-01T17:54:57.800-06:00 level=INFO msg="Starting %s..." !BADKEY=auto-import
time=2026-01-01T17:54:57.801-06:00 level=INFO msg="Skipping %s: JSONL content unchanged" !BADKEY=auto-import
time=2026-01-01T18:13:17.955-06:00 level=INFO msg="Mutation detected: %s %s" status=rue-fbwv
time=2026-01-01T18:13:17.957-06:00 level=INFO msg="Mutation detected: %s %s" status=rue-ak9z
time=2026-01-01T18:13:18.458-06:00 level=INFO msg="Export triggered by mutation events"
time=2026-01-01T18:13:18.458-06:00 level=INFO msg="Starting %s..." !BADKEY=export
time=2026-01-01T18:13:18.487-06:00 level=INFO msg="JSONL file created: %s" !BADKEY=/home/stat/github/steveklabnik/rue/jj/.beads/issues.jsonl
time=2026-01-01T18:13:18.487-06:00 level=INFO msg="Exported to JSONL"
time=2026-01-01T18:13:18.488-06:00 level=INFO msg="Export complete"
time=2026-01-01T18:13:19.487-06:00 level=INFO msg="Import triggered by file change"
time=2026-01-01T18:13:19.488-06:00 level=INFO msg="Starting %s..." !BADKEY=auto-import
time=2026-01-01T18:13:19.488-06:00 level=INFO msg="Skipping %s: JSONL content unchanged" !BADKEY=auto-import
time=2026-01-01T18:13:41.765-06:00 level=INFO msg="Mutation detected: %s %s" update=rue-fbwv
time=2026-01-01T18:13:42.265-06:00 level=INFO msg="Export triggered by mutation events"
time=2026-01-01T18:13:42.265-06:00 level=INFO msg="Starting %s..." !BADKEY=export
time=2026-01-01T18:13:42.295-06:00 level=INFO msg="JSONL file created: %s" !BADKEY=/home/stat/github/steveklabnik/rue/jj/.beads/issues.jsonl
time=2026-01-01T18:13:42.295-06:00 level=INFO msg="Exported to JSONL"
time=2026-01-01T18:13:42.295-06:00 level=INFO msg="Export complete"
time=2026-01-01T18:13:43.296-06:00 level=INFO msg="Import triggered by file change"
time=2026-01-01T18:13:43.296-06:00 level=INFO msg="Starting %s..." !BADKEY=auto-import
time=2026-01-01T18:13:43.297-06:00 level=INFO msg="Skipping %s: JSONL content unchanged" !BADKEY=auto-import
time=2026-01-01T18:13:57.894-06:00 level=INFO msg="Mutation detected: %s %s" update=rue-ak9z
time=2026-01-01T18:13:58.395-06:00 level=INFO msg="Export triggered by mutation events"
time=2026-01-01T18:13:58.395-06:00 level=INFO msg="Starting %s..." !BADKEY=export
time=2026-01-01T18:13:58.428-06:00 level=INFO msg="JSONL file created: %s" !BADKEY=/home/stat/github/steveklabnik/rue/jj/.beads/issues.jsonl
time=2026-01-01T18:13:58.428-06:00 level=INFO msg="Exported to JSONL"
time=2026-01-01T18:13:58.429-06:00 level=INFO msg="Export complete"
time=2026-01-01T18:13:59.429-06:00 level=INFO msg="Import triggered by file change"
time=2026-01-01T18:13:59.429-06:00 level=INFO msg="Starting %s..." !BADKEY=auto-import
time=2026-01-01T18:13:59.430-06:00 level=INFO msg="Skipping %s: JSONL content unchanged" !BADKEY=auto-import
time=2026-01-01T18:19:01.025-06:00 level=INFO msg="Mutation detected: %s %s" status=rue-fbwv
time=2026-01-01T18:19:01.526-06:00 level=INFO msg="Export triggered by mutation events"
time=2026-01-01T18:19:01.526-06:00 level=INFO msg="Starting %s..." !BADKEY=export
time=2026-01-01T18:19:01.555-06:00 level=INFO msg="JSONL file created: %s" !BADKEY=/home/stat/github/steveklabnik/rue/jj/.beads/issues.jsonl
time=2026-01-01T18:19:01.555-06:00 level=INFO msg="Exported to JSONL"
time=2026-01-01T18:19:01.556-06:00 level=INFO msg="Export complete"
time=2026-01-01T18:19:02.557-06:00 level=INFO msg="Import triggered by file change"
time=2026-01-01T18:19:02.557-06:00 level=INFO msg="Starting %s..." !BADKEY=auto-import
time=2026-01-01T18:19:02.558-06:00 level=INFO msg="Skipping %s: JSONL content unchanged" !BADKEY=auto-import
time=2026-01-01T18:19:33.869-06:00 level=INFO msg="Mutation detected: %s %s" status=rue-u0li
time=2026-01-01T18:19:34.370-06:00 level=INFO msg="Export triggered by mutation events"
time=2026-01-01T18:19:34.370-06:00 level=INFO msg="Starting %s..." !BADKEY=export
time=2026-01-01T18:19:34.398-06:00 level=INFO msg="JSONL file created: %s" !BADKEY=/home/stat/github/steveklabnik/rue/jj/.beads/issues.jsonl
time=2026-01-01T18:19:34.398-06:00 level=INFO msg="Exported to JSONL"
time=2026-01-01T18:19:34.399-06:00 level=INFO msg="Export complete"
time=2026-01-01T18:19:35.399-06:00 level=INFO msg="Import triggered by file change"
time=2026-01-01T18:19:35.400-06:00 level=INFO msg="Starting %s..." !BADKEY=auto-import
time=2026-01-01T18:19:35.400-06:00 level=INFO msg="Skipping %s: JSONL content unchanged" !BADKEY=auto-import
time=2026-01-01T22:15:24.674-06:00 level=INFO msg="Mutation detected: %s %s" status=rue-kc52
time=2026-01-01T22:15:25.175-06:00 level=INFO msg="Export triggered by mutation events"
time=2026-01-01T22:15:25.175-06:00 level=INFO msg="Starting %s..." !BADKEY=export
time=2026-01-01T22:15:25.219-06:00 level=INFO msg="JSONL file created: %s" !BADKEY=/home/stat/github/steveklabnik/rue/jj/.beads/issues.jsonl
time=2026-01-01T22:15:25.220-06:00 level=INFO msg="Exported to JSONL"
time=2026-01-01T22:15:25.221-06:00 level=INFO msg="Export complete"
time=2026-01-01T22:15:26.220-06:00 level=INFO msg="Import triggered by file change"
time=2026-01-01T22:15:26.220-06:00 level=INFO msg="Starting %s..." !BADKEY=auto-import
time=2026-01-01T22:15:26.221-06:00 level=INFO msg="Skipping %s: JSONL content unchanged" !BADKEY=auto-import
time=2026-01-01T22:19:18.924-06:00 level=INFO msg="Mutation detected: %s %s" status=rue-kc52
time=2026-01-01T22:19:19.425-06:00 level=INFO msg="Export triggered by mutation events"
time=2026-01-01T22:19:19.425-06:00 level=INFO msg="Starting %s..." !BADKEY=export
time=2026-01-01T22:19:19.466-06:00 level=INFO msg="JSONL file created: %s" !BADKEY=/home/stat/github/steveklabnik/rue/jj/.beads/issues.jsonl
time=2026-01-01T22:19:19.466-06:00 level=INFO msg="Exported to JSONL"
time=2026-01-01T22:19:19.466-06:00 level=INFO msg="Export complete"
time=2026-01-01T22:19:20.467-06:00 level=INFO msg="Import triggered by file change"
time=2026-01-01T22:19:20.467-06:00 level=INFO msg="Starting %s..." !BADKEY=auto-import
time=2026-01-01T22:19:20.468-06:00 level=INFO msg="Skipping %s: JSONL content unchanged" !BADKEY=auto-import
time=2026-01-01T22:19:22.624-06:00 level=INFO msg="Git ref change detected: %s" !BADKEY=/home/stat/github/steveklabnik/rue/jj/.git/refs/heads/trunk.lock
time=2026-01-01T22:19:23.625-06:00 level=INFO msg="Import triggered by file change"
time=2026-01-01T22:19:23.625-06:00 level=INFO msg="Starting %s..." !BADKEY=auto-import
time=2026-01-01T22:19:23.626-06:00 level=INFO msg="Skipping %s: JSONL content unchanged" !BADKEY=auto-import
